id,modulo,pregunta,opcion_A,opcion_B,opcion_C,opcion_D,respuesta_correcta,explicacion
1,"Aspectos Generales","¿Ante qué organismo tendrá que comprobar la capacidad técnica una persona física que Solicite la autorización como agente?","Asociación Mexicana de Instituciones y Seguros (AMIS)","Comisión Nacional de Seguros y Fianzas (CNSF)","Secretaría de Hacienda y Crédito Público (SHCP)","Comisión Nacional para la Protección y Defensa de los Usuarios de Servicios Financieros (CONDUSEF)","Comisión Nacional de Seguros y Fianzas (CNSF)",""
1001,"Aspectos Generales","¿Cómo se define el pago por cargo fraccionado?","Es el porcentaje de la prima que se cobra en planes de descuentos por nómina","Es el porcentaje de la prima que cobra la aseguradora cuando se cancela el seguro antes del vencimiento anual y aún no se ha pagado la prima","Es un porcentaje de la prima que se cobra por realizar pagos diferentes al anual","Es el porcentaje de la prima que se cobra cuando la vigencia del seguro es menor a un año","Es un porcentaje de la prima que se cobra por realizar pagos diferentes al anual",""
2,"Aspectos Generales","¿A que ramo pertenece el seguro que esta dirigido a prevenir o restaurar la salud a través de la prestación de servicios?","Salud","Gastos Médicos","Vida","Accidentes personales","Salud",""
3,"Aspectos Generales","De la siguiente lista identifique los dos conceptos que los aseguradores utilizan para determinar la cuota técnica o de “riesgo puro” 1. Índice de siniestralidad 2. Siniestros pagados 3. Frecuencia 4. Suma asegurada 5. Severidad","3, 5","4, 5","1, 2","1, 3","3, 5",""
4,"Aspectos Generales","¿A quien y con cuanto tiempo deben informar los agentes de seguros su cambio de ubicación?","Por lo menos con 10 días de anticipación, a la Comisión de Seguros y Fianzas, de igual manera a los asegurados","Por lo menos con 10 días de anticipación, a la Asociación Mexicana de Instituciones de Seguros y a los asegurados","Con 30 días de anticipación, a la Secretaría de Hacienda y Crédito Público y a los asegurados","Por lo menos con 30 días de anticipación, a la Comisión Federal de mejora regulatoria","Por lo menos con 10 días de anticipación, a la Comisión de Seguros y Fianzas, de igual manera a los asegurados",""
5,"Aspectos Generales","Se consideran operaciones relevantes cuando la prima, cuota u aportación sea igual o superior al equivalente a:","5,000 dólares de los E.U.A","20,000 dólares de los E.U.A","10,000 dólares de los E.U.A","15,000 dólares de los E.U.A","10,000 dólares de los E.U.A",""
6,"Aspectos Generales","Las sanciones que recibe un agente de seguros cuando comete una infracción al Reglamento de Agentes de Seguros y Fianzas, ¿Se aplican en forma sucesiva?","Si, depende de la importancia que le de la Comisión Nacional para la Protección y Defensa de los Usuarios de los Servicios Financieros","Si, porque lo marca la ley independientemente de la importancia de la infracción y las condiciones del infractor","No, depende de la importancia que le de el asegurado","No, se aplican de forma independiente considerando la importancia de la infracción y las condiciones de infractor","No, se aplican de forma independiente considerando la importancia de la infracción y las condiciones de infractor",""
7,"Aspectos Generales","Señale el periodo en el que el agente de seguros persona física, deberá refrendar su autorización para realizar actividades de intermediación:","Cada tres años","Cada seis años","Cada cinco años","Cada año","Cada tres años",""
8,"Aspectos Generales","De la siguiente lista elija cuatro elementos que se encuentran contenidos en la cédula: 1. Número de Cédula 2. Tipo de autorización 3. RFC de la Aseguradora 4. Nombre completo 5. Nombre del plan 6. Vigencia 7. Domicilio del asegurado 8.","1, 3, 5, 7","1, 2, 4, 6","2, 4, 6, 7","3, 5, 6, 7","1, 2, 4, 6",""
9,"Aspectos Generales","En función de las características del riesgo a asegurar, la posibilidad que ocurra el siniestro y el monto de la pérdida que tendrá el asegurado, se calcula la:","Prima","Prima pura de riesgo","Prima neta","Prima emitida","Prima pura de riesgo",""
10,"Aspectos Generales","Los siguientes conceptos son formas que se aplican para compartir el riesgo entre asegurado y Aseguradora, EXCEPTO:","Reaseguro","Franquicia","Coaseguro","Deducible","Reaseguro",""
11,"Aspectos Generales","De la siguiente lista, elija las tres características que debe tener un riesgo para poder ser asegurable: 1. Generar ganancia 2. Concreto 3. Subjetividad 4. Licito 5. Incertidumbre 6. Certeza del riesgo","2, 4, 5","1, 3, 6","1, 3, 5","2, 4, 6","2, 4, 5",""
12,"Aspectos Generales","¿Quién debe cubrir los gastos de expedición y/o los impuestos que genere la póliza?","La Aseguradora","El contratante","Los beneficiarios","El agente","El contratante",""
13,"Aspectos Generales","Elija los dos motivos por los que una Institución debe constituir reservas para obligaciones pendientes de cumplir: 1. Por pólizas en vigor 2. Por las pólizas vencidas, siniestros ocurridos y reparto de periódico de utilidades 3. Por gastos de adquisición 4. Por los siniestros ocurridos y no reportados 5. Por fondo para comisiones 6. Por siniestros catastróficos por ocurrir","2, 3","3, 6","1, 5","2, 4","2, 4",""
14,"Aspectos Generales","Cuando la CONDUSEF solicita información a cualquiera de las siguientes autoridades: Secretaria de Hacienda y Crédito Publico, Comisión Nacional de Seguros y Fianzas, Comisión Nacional Bancaria y de Valores o Comisión Nacional del Sistema de Ahorro para el Retiro, ¿Cuántos días hábiles tienen para contestar?","60","15","30","10","30",""
15,"Aspectos Generales","¿En que documento se hace constar la autorización para ejercer la actividad de agente se seguros?","En una carta expedida por la Secretaria de Hacienda y Crédito Publico","En un oficio de la compañía de seguros","En un contrato mercantil","En una cédula","En una cédula",""
16,"Aspectos Generales","La ley general de Instituciones y Sociedades Mutualistas de Seguros, ordena que los contratos de adhesión deban ser escritos:","En papel seguridad, con tinta negra y sobre un fondo claro","Con letras de 8 puntos y a doble espacio","En idioma español y con características legibles a simple vista para una persona de visión normal","Resaltando con mayúsculas las exclusiones","En idioma español y con características legibles a simple vista para una persona de visión normal",""
17,"Aspectos Generales","De conformidad con la Ley General de Instituciones y Sociedades Mutualistas de Seguros la autorización para realizar actividades de intermediación del Seguro de Pensiones derivados de las leyes de Seguridad Social solo se otorgará para intermediar:","Solo con Instituciones de operaciones de vida","El seguro de personas en cualquier Institución de seguros","Con una sola Institución de seguros","Con diversas Instituciones.","Con una sola Institución de seguros",""
18,"Aspectos Generales","Las siguientes son obligaciones de un agente persona moral que cuenta con una póliza de seguro de errores y omisiones, EXCEPTO:","Acreditar ante la Comisión Nacional de Seguros y Fianzas la contratación o renovación de la póliza","Presentar copia de la renovación de la póliza en un plazo no mayor de 10 días hábiles contados a partir del vencimiento de la misma","Contratar y mantener vigente la póliza","Calcular los montos y términos del Seguro","Calcular los montos y términos del Seguro",""
19,"Aspectos Generales","Un agente de seguros puede cobrar primas de seguros siempre y cuando:","El prospecto firme la solicitud","Entregue el recibo oficial expedido por la Institución Aseguradora","La solicitud tenga el sello de recibido de la Institución","Entregue la póliza al asegurado","Entregue el recibo oficial expedido por la Institución Aseguradora",""
20,"Aspectos Generales","Cuando una persona física efectúa un pago de $11,000 U.S dólares por concepto del pago de una prima. ¿Qué tipo de documento debe presentar para identificarse?","Credencial de la empresa privada donde labora con fotografía y firma","Documento oficial vigente con fotografía, firma y domicilio","Cédula de identificación fiscal","Registro Federal de Contribuyentes","Documento oficial vigente con fotografía, firma y domicilio",""
21,"Aspectos Generales","¿A que autoridad le corresponde la adopción de medidas tendientes a regular la organización y funcionamiento de las Instituciones de Seguros?","Comisión Nacional para la protección y Defensa de los Usuarios","Secretaria de Hacienda y Crédito Publico","Comisión Nacional de Seguros y Fianzas","Banco de México","Comisión Nacional de Seguros y Fianzas",""
22,"Aspectos Generales","¿Quién deberá cubrir los gastos que hace el asegurado para evitar o disminuir el daño y que no son considerados improcedentes?","Los beneficiarios","En partes iguales aseguradora y asegurado","El asegurado","La Institución Aseguradora","La Institución Aseguradora",""
23,"Aspectos Generales","¿Qué ocurre con las comisiones de los seguros de vida que se conservan en vigor, aún después de extinguida la relación que tuviere el agente con la aseguradora?","Siguen perteneciendo al agente","Se otorgan a otro agente","Se otorgan al asegurado","Se cancelan","Siguen perteneciendo al agente",""
24,"Aspectos Generales","Relacione el tipo de sociedad de seguros con sus características correspondientes de acuerdo a la Ley:  TIPO DE SOCIEDAD: 1. Institución de Seguros (S.A.) 2. Sociedad Mutualista  CARACTERÍSTICAS: a. Constituida como sociedad anónima de capital fijo o variable b. En ningún momento podrán participar en forma alguna en estas sociedades entidades financieras del exterior c. Las operaciones de seguro que practiquen no producirán lucro o utilidad a los socios d. Deberán contar con un capital mínimo pagado por cada operación o ramo que se les autorice","1 a, d; 2 b, c","1 a, b; 2 c, d","1 b, c; 2 a, d","1 a, c; 2 b, d","1 a, d; 2 b, c",""
25,"Aspectos Generales","El contrato de seguro deberá hacerse constar por:","Escrito","Duplicado","Consentimiento unilateral","Certificado","Escrito",""
26,"Aspectos Generales","La actitud de apartar todas las variables que puedan causar que el riesgo se presente, se le conoce como:","Transferirlo","Disminuirlo","Distribuirlo","Eliminarlo","Eliminarlo",""
27,"Aspectos Generales","Señale dentro de las siguientes opciones ¿Qué autoridad es competente para interpretar las Reglas que estables las orientaciones de política general aplicables a los agentes y apoderados de seguros y de fianzas?","Comisión Nacional de Seguros y Fianzas","Comisión Nacional para la Protección y Defensa de los Usuarios de Servicios Financieros","Comisión Nacional del Sistema de Ahorro para el Retiro","Secretaría de Hacienda y Crédito Público","Secretaría de Hacienda y Crédito Público",""
28,"Aspectos Generales","De acuerdo a la Ley General de Instituciones de Seguros, la operación que tiene como base la lesión o incapacidad que afecte la integridad personal, salud o vigor vital del asegurado, se considera comprendida dentro de las operaciones de:","Daños","Salud","Vida","Accidentes y enfermedades","Vida",""
29,"Aspectos Generales","Relaciona las operaciones y ramos con sus respectivos conceptos, de acuerdo a la Ley general de Instituciones y Sociedades Mutualistas de Seguros:  CLASIFICACIÓN: 1. Operaciones 2. Ramos  CONCEPTOS: a. Incendio b. Vida c. Accidentes y enfermedades d. Salud e. Daños f. Automóviles","1 c, d, f ; 2 a, b, e","1 a, b, e; 2 c, d, f","1 b, c, a; 2 d, e, f","1 b, c, e; 2 a, d, f","1 b, c, e; 2 a, d, f",""
30,"Aspectos Generales","¿Cómo se llama al interés económico que una persona tiene en que no se produzca un siniestro?","Bancario","Acumulable","Propio","Asegurable","Asegurable",""
31,"Aspectos Generales","Una vez que la compañía de seguros cuenta con todos los elementos que le permitan determinar la procedencia del siniestro, ¿Cuál es el plazo máximo para efectuar la indemnización?","10 días","30 días","45 días","15 días","30 días",""
32,"Aspectos Generales","Conforme a la Ley del Contrato del Seguro, ¿A que está obligado el prospecto al solicitar un seguro?","A pagar la prima","A declarar por escrito todos los hechos importantes para la apreciación del riesgo","A comprobar su edad con una identificación oficial actualizada","A manifestar su interés por escrito de adquirir un seguro","A declarar por escrito todos los hechos importantes para la apreciación del riesgo",""
33,"Aspectos Generales","De acuerdo a la Ley sobre el Contrato del Seguro, ¿A quien le corresponde la obligación de declarar por escrito en el cuestionario relativo, todos los hechos importantes para la apreciación del riesgo, tal como los conoce o deba conocerlos?","Contratante","Proponente","Asegurado","Agente de Seguros","Proponente",""
34,"Aspectos Generales","Una empresa mexicana, para proteger sus actividades en la República Mexicana, contrató una póliza de Responsabilidad Civil, con una compañía de Seguros Inglesa sin representación en nuestro territorio. De acuerdo a la Ley General de Instituciones y Sociedades Mutualistas de Seguros esta operación de Seguros se considera:","Autorizada","Valida","Prohibida","Especial","Prohibida",""
35,"Aspectos Generales","En los seguros cuando la siniestralidad prevista para el cálculo de primas es menor a la realmente ocurrida, la utilidad se puede repartir a los asegurados a través de:","Acciones","Valores garantizados","Bonos de siniestralidad","Dividendos","Dividendos",""
36,"Aspectos Generales","Señale cuales son las prohibiciones para comercializar el Seguro de acuerdo a la Ley General de Instituciones y Sociedades Mutualistas de Seguros:","Contratar por aseguradores no autorizados por Secretaria de Hacienda y Crédito Público","Contratar seguros empresariales con agentes cedula “A”","Contratar seguros con agentes provisionales","Contratar seguros directos sin asignación de agentes","Contratar por aseguradores no autorizados por Secretaria de Hacienda y Crédito Público",""
37,"Aspectos Generales","La realización del riesgo ha de producir una pérdida económica, por lo tanto es:","Especulativo","Contenido económico","Concreto","Oneroso","Contenido económico",""
38,"Aspectos Generales","¿Bajo que condiciones los agentes pueden cobrar primas a los asegurados?","Contra el llenado de solicitud","Contra la entrega de póliza","Contra entrega del recibo oficial emitido por la institución","Contra recibo emitido por el agente","Contra entrega del recibo oficial emitido por la institución",""
39,"Aspectos Generales","¿Cuál es el límite máximo de responsabilidad para la Aseguradora en caso de siniestro?","El valor real del bien","La suma asegurada","El importe total del daño","El valor factura del bien","La suma asegurada",""
40,"Aspectos Generales","¿Cómo se define el recargo por pago fraccionado?","Es el porcentaje de la prima que cobra la aseguradora cuando se cancela el seguro antes del vencimiento anual y aun no se ha pagado la prima","Es el porcentaje de la prima que se cobra en planes de descuento por nomina","Es un porcentaje que se cobra por realizar pagos diferentes al anual","Es el porcentaje de la prima que se cobra cuando la vigencia del seguro es menor a un año","Es un porcentaje que se cobra por realizar pagos diferentes al anual",""
41,"Aspectos Generales","Los agentes con cedula definitiva podrán intermediar en la contratación de seguros para una o varias instituciones EXCEPTO:","En seguros denominados grandes riesgos","En seguros de pensiones derivados de planes privados","En seguros de cascos de aeronaves y embarcaciones","En seguros de pensiones derivados de las leyes de seguridad social","En seguros de pensiones derivados de las leyes de seguridad social",""
42,"Aspectos Generales","¿Cuántos días hábiles tienen los agentes para ingresar a la institución de seguros las primas que hayan cobrado directamente?","5","3","10","1","10",""
43,"Aspectos Generales","Es el mecanismo mediante el cual una compañía de seguros reduce su riesgo al transferir una parte del mismo a una o más compañías","Reaseguro financiero","Distribución de riesgo","Coaseguro","Reaseguro","Reaseguro",""
44,"Aspectos Generales","¿Qué ley establece que el proponente esta obligado a declarar por escrito a la aseguradora todos los hechos importantes para la apreciación del riesgo, tal como los conozca y debiera conocer en el momento de la celebración del contrato?","Ley general de instituciones y sociedades mutualistas de seguros","Ley sobre el contrato del seguro","Ley de protección y defensa a los usuarios de servicios financieros","Ley del instituto mexicano del seguro social","Ley sobre el contrato del seguro",""
45,"Aspectos Generales","Señale cuales son las obligaciones de los agentes en relación con el público usuario al momento de realizar actividades de intermediación:","Mejorar los beneficios ofrecidos por las instituciones","Destacar que el producto que intermedia puede adecuarse a las necesidades del propio usuario","Ofrecerle prerrogativas adicionales a las establecidas en las condiciones generales del contrato","Asesorar en forma objetiva y veraz, sobre las distintas características, derechos, obligaciones y costos de los productos que resulten adecuados a las necesidades del usuario.","Asesorar en forma objetiva y veraz, sobre las distintas características, derechos, obligaciones y costos de los productos que resulten adecuados a las necesidades del usuario.",""
46,"Aspectos Generales","Es la posibilidad de frecuencia de un suceso cuya ocurrencia de cómo consecuencia una pérdida:","Estadística","Frecuencia","Ley de los grandes números","Probabilidad","Probabilidad",""
47,"Aspectos Generales","¿En que caso la comisión nacional de seguros y fianzas no otorgara a un agente la autorización para ejercer actividades de intermediación aun cuando este reúna los requisitos necesarios para el efecto?","Cuando sean empleados de las instituciones aseguradoras","Cuando se pueda ejercer coacción para la contratación de seguros","Cuando no se hayan pagado debidamente impuestos","Cuando las compañías de seguros así lo soliciten","Cuando se pueda ejercer coacción para la contratación de seguros",""
48,"Aspectos Generales","¿Qué autoridad tiene la facultad de suspender a un agente de seguros de acuerdo al reglamento de agentes de seguros y fianzas?","Comisión Nacional de Seguros y Fianzas","Secretaria de Hacienda y Crédito Publico","Comisión Federal de Mejora Regulatoria","Comisión para la protección y Defensa de los Usuarios de Servicios Financieros","Comisión Nacional de Seguros y Fianzas",""
49,"Aspectos Generales","De la siguiente lista señale 2 objetivos que persiguen con la aplicación del deducible en un seguro: Incrementar las ventas de la aseguradora Bajar el costo de indemnizaciones y gastos administrativos Estimular al asegurado a prevenir el daño Que la responsabilidad de la aseguradora disminuya","2, 3","2, 4","1, 3","1, 4","2, 3",""
50,"Aspectos Generales","Las sanciones que recibe un agente de seguros cuando comete una infracción al reglamento de agentes de seguros y fianzas ¿Se aplican en forma sucesiva?","Si, porque lo marca la ley independientemente de la importancia de la infracción y las condiciones del infractor","No, depende de la importancia que le de el asegurado","No, se aplican en forma independiente, considerando la importancia de la infracción y las condiciones del infractor","Si, depende de la importancia que le de la comisión nacional para la protección y defensa de los usuarios de los servicios financieros","No, se aplican en forma independiente, considerando la importancia de la infracción y las condiciones del infractor",""
51,"Aspectos Generales","De las siguientes opciones elija la que se refiera a la siguiente definición “Todo interés económico que una persona tenga en que no se produzca un siniestro”","Seguro","Interés asegurable","Valor asegurable","Suma asegurada","Interés asegurable",""
52,"Aspectos Generales","¿Cuáles son los 4 datos que deben contener en forma obligatoria las pólizas de seguro de personas? 1. Nombre completo del asegurado 2. Nombre completo de los beneficiarios 3. Domicilio del asegurado 4. Estado civil 5. Fechas de nacimiento 6. R.F.C 7. Valores garantizados","1, 4, 5, 6","1, 2, 5, 7","2, 4, 6, 7","1, 3, 5, 7","1, 2, 5, 7",""
53,"Aspectos Generales","¿Qué plazo tiene el árbitro o tribunal de arbitraje para emitir un laudo, una vez que se ha cerrado la etapa probatoria?","90 días","60 días","30 días","150 días","30 días",""
54,"Aspectos Generales","Relacione las operaciones con sus ramos de acuerdo a la Ley:  OPERACIONES: 1. Accidentes y enfermedades 2. Daños  RAMOS: a. Agrícola y de animales b. Responsabilidad civil, riesgos profesionales c. Salud d. Pensiones e. Accidentes personales f. Gastos médicos mayores g. Diversos","1 d, e, f; 2 b, c, g","1 b, e, g; 2 a, d, c","1 a, c, d; 2 b, e, f","1 c, e, f ; 2 a, b, g","1 c, e, f ; 2 a, b, g",""
55,"Aspectos Generales","¿Qué plazo tiene el asegurado a partir de que tiene conocimiento del hecho para avisar a la aseguradora de una agravación esencial en el riesgo?","72 hrs.","48 hrs.","36 hrs.","24 hrs.","24 hrs.",""
56,"Aspectos Generales","El asegurado al solicitar copia o duplicado de su póliza y/o solicitud, la aseguradora:","Solo entrega copia de la póliza","Puede negarse a expedirlas","Solo entrega copia de la solicitud","Tiene la obligación de expedirlos","Tiene la obligación de expedirlos",""
57,"Aspectos Generales","De la siguiente lista elija 3 datos que debe contener la autorización que emite la comisión nacional de seguros y fianzas para un agente persona física o apoderado: 1. Fecha de expedición 2. Ramos y subramos autorizados 3. Asegurados con los que puede trabajar 4. Nombre completo 5. Nacionalidad","1, 3, 5","2, 3, 5","1, 4, 5","1, 2, 4","1, 2, 4",""
58,"Aspectos Generales","De acuerdo a la ley sobre el contrato del seguro, elija de la siguiente lista los 3 casos en que no corre el lapso de 2 años de prescripción:  1. Por omisiones 2. Al realizar convenio expreso 3. Por inexactas declaraciones 4. Por ausencia de beneficiarios 5. Indisputabilidad 6. Por nombramiento de perito","1, 4, 5","1, 3, 6","2, 3, 5","2, 4, 6","1, 3, 6",""
59,"Aspectos Generales","Los siguientes tipos de desviaciones favorables generan dividendos EXCEPTO:","Rendimientos financieros","Primas Excedentes","Mortalidad","Derechos de inspección","Derechos de inspección",""
60,"Aspectos Generales","¿En que momento se perfecciona el contrato de seguro?","Cuando el proponente firma la oferta","Cuando la aseguradora recibe la oferta","Cuando la aseguradora acepta la oferta","Cuando el proponente conoce la aceptación de la oferta","Cuando el proponente conoce la aceptación de la oferta",""
61,"Aspectos Generales","¿Cuál es el objeto de las reglas que establecen las orientaciones de política general aplicables a los agentes y apoderados de seguros y fianzas?","Establecer desarrollo de las actividades de intermediación que realizan los agentes, a fin de elevar la comercialización de los contratos de seguros y de fianzas, ampliando la población protegida por dichos instrumentos","Establecer el eficiente desarrollo de las actividades de intermediación que realizan los agentes bajo un marco de ética y profesionalismo de calidad apegado a derecho","Fomentaran la generación de conductas en beneficio de las personas relacionadas con las actividades de intermediación","Fomentaran la generación de conductas en beneficio de instituciones de seguros y fianzas","Establecer el eficiente desarrollo de las actividades de intermediación que realizan los agentes bajo un marco de ética y profesionalismo de calidad apegado a derecho",""
62,"Aspectos Generales","Cuando una persona adquiere un seguro, ¿Qué actitud esta mostrando ante el riesgo?","Prevenir","Distribuir","Transferir","Eliminar","Transferir",""
63,"Aspectos Generales","Al realizar una operación relevante una persona física con actividad empresarial, debe presentar los siguientes documentos, EXCEPTO:","Credencial de elector","Acta constitutiva","RFC","Cedula de identificación fiscal","Acta constitutiva",""
64,"Aspectos Generales","De la siguiente lista elija los 4 ramos que corresponden a la operación de daños: 1. Incendio 2. Agrícola y de animales 3. Salud 4. Crédito 5. Accidentes personales 6. Diversos 7. Gastos médicos","1, 3, 5, 7","1, 2, 4, 6","2, 3, 5, 6","2, 4, 6, 7","1, 2, 4, 6",""
65,"Aspectos Generales","Identifique 4 aspectos que el agente debe informar a quien pretende contratar un seguro: 1. Forma de conservarlo 2. Que debe señalar los hechos importantes para apreciar el riesgo 3. Bases financieras 4. Forma de cancelarlo 5. Autorización de la nota técnica 6. Ventajas de la competencia 7. Solo se cobraran primas contra recibo oficial expedido por la aseguradora","1, 4, 5, 6","1, 2, 4, 7","2, 3, 5, 7","2, 3, 5, 6","1, 2, 4, 7",""
66,"Aspectos Generales","De conformidad con la ley general de instituciones y sociedades mutualistas de seguros, la autorización para realizar actividades de intermediación del seguro de pensiones derivados de las leyes de seguridad social solo se otorgara para intermediar:","Con diversas instituciones","Solo con instituciones de operaciones de vida","Con una sola institución de seguros","El seguro de personas en cualquier institución de seguros","Con una sola institución de seguros",""
67,"Aspectos Generales","El procedimiento para arbitraje en contra de las instituciones de seguros se sujetara a lo dispuesto por la:","Ley General de Instituciones y Sociedades Mutualistas de Seguros","Ley para la Defensa y Protección del Usuario de ServiciosFinancieros","Ley de Instituciones de Crédito","Ley Federal de Instituciones de Finanzas","Ley para la Defensa y Protección del Usuario de ServiciosFinancieros",""
68,"Aspectos Generales","¿Cómo deben constituirse las personas morales que buscan obtener la autorización como agentes de seguros?","Como sociedad anónima","Como asociación civil","Como sociedad de responsabilidad limitada","Como sociedad civil","Como sociedad anónima",""
69,"Aspectos Generales","Señale como se denomina a la persona que explica y asesora a los adquirientes del seguro sobre las distintas características, derechos, obligaciones y costos del mismo:","Seleccionador de riesgo","Agente de seguros","Ajustador de seguros","Defensor legal","Agente de seguros",""
70,"Aspectos Generales","El riesgo debe prevenir de un acto o acontecimiento ajeno a la voluntad humana, por lo tanto es:","Incierto","Fortuito","Aleatorio","Posible","Incierto",""
71,"Aspectos Generales","¿Sobre que primas las instituciones de seguros pueden pagar comisiones y cualquier otra compensación?","Sobre las primas cobradas con tarjeta de crédito","Sobre las primas cobradas con cheque","Sobre las primas cobradas en efectivo","Sobre las primas ingresadas a la institución","Sobre las primas ingresadas a la institución",""
72,"Aspectos Generales","¿Qué organismo es el encargado de sancionar a los agentes de seguros cuando cometen una infracción administrativa?","CNSF","CONDUSEF","SHCP","AMIS","CNSF",""
73,"Aspectos Generales","¿Cuál de los siguientes conceptos se refiere a severidad?","Es el monto de los siniestros registrados en un periodo determinado","Es el porcentaje que represente los siniestros en relación a la suma asegurada","Es el costo promedio de los siniestros producidos en un año","Es el monto promedio de siniestros pagados en un periodo determinado","Es el costo promedio de los siniestros producidos en un año",""
74,"Aspectos Generales","Es el organismo encargado de la inspección y vigilancia de los agentes de seguros:","Asociación Mexicana de Instituciones de Seguros","Comisión Federal de Mejora Regulatoria","La Comisión Nacional de Seguros y Fianzas","Secretaria de Hacienda y Crédito Publico","La Comisión Nacional de Seguros y Fianzas",""
75,"Aspectos Generales","Son los contratos elaborados unilateralmente por una institución de seguros, en donde se establecen los términos y condiciones aplicables al seguro en cuestión:","Contratos de adhesión","Contratos civiles","Contratos de no adhesión","Contratos mercantiles","Contratos de adhesión",""
76,"Aspectos Generales","¿Qué organismo debe formular la petición para que se proceda penalmente en caso de detectar una operación relacionada con el lavado de dinero?","Comisión Nacional Bancaria y de Valores","Comisión Nacional del Sistema de Ahorro para el Retiro","La Comisión Nacional de Seguros y Fianzas","Secretaria de Hacienda y Crédito Publico","Secretaria de Hacienda y Crédito Publico",""
77,"Aspectos Generales","Es la comisión que tiene por finalidad arbitrar las diferencias de manera imparcial y proveer a la equidad en las relaciones entre los asegurados y aseguradoras:","Comisión nacional de servicios financieros","Comisión nacional para la protección y defensa de los asegurados","Comisión nacional de seguros y fianzas","Comisión nacional para la protección y defensa de los usuarios de servicios financieros","Comisión nacional para la protección y defensa de los usuarios de servicios financieros",""
78,"Aspectos Generales","La obligación de constituir un capital mínimo de garantía trae consigo los siguientes. EXCEPTO:","Fortalecer el patrimonio de la aseguradora","Proteger a los asegurados de una posible insolvencia de la aseguradora","Elevar las ventas de la aseguradora","Permitir liquidez en la posible desviación del riesgo","Elevar las ventas de la aseguradora",""
79,"Aspectos Generales","De la siguiente lista elija a quienes un agente puede ceder los derechos de su cartera de pólizas: 1. Otros agentes 2. Sociedad mutualista 3. Asegurado 4. Causahabiente del agente 5. Contratante","2, 5","2, 4","1, 4","3, 5","1, 4",""
80,"Aspectos Generales","Señale de acuerdo a las reglas que establecen las orientaciones de política general aplicables a los agentes y apoderados de seguros y de fianzas, las características de la actuación de los agentes y apoderados:","Respetuosa, amable, honesta e identificarse con el original de la cedula de autorización vigente","Creativa, escrupulosa, amena y considerando el interés de la institución para la que presta sus servicios, para la correcta valoración del riesgo","Rápida, concreta, formal y documentando los diferentes productos que intermedia","Transparente, justa, técnica y documentando su actividad de intermediación a fin de evitar responsabilidades a su cargo","Respetuosa, amable, honesta e identificarse con el original de la cedula de autorización vigente",""
81,"Aspectos Generales","¿Mediante que documento la autoridad permite a una persona física o apoderado actuar como agente de seguros?","La cedula","El oficio","El contrato","El acta","La cedula",""
82,"Aspectos Generales","¿Cuánto tiempo mínimo de vigencia debe tener una póliza para que en caso de suicidio, la aseguradora este obligada a pagar la suma asegurada?","5 años","2 años","1 año","3 años","2 años",""
83,"Aspectos Generales","Los siguientes elementos conforman el cálculo de la prima, EXCEPTO:","Gastos de redistribución de riesgos","Prima pura de riesgo","Utilidades","Derechos de póliza","Utilidades",""
84,"Aspectos Generales","¿Qué tipo de seguro comprende todos los riesgos que puede afectar a la persona del asegurado, en su integridad personal, en su existencia, salud o vigor vital?","Seguro de personas","Seguro de gastos médicos mayores","Seguro de accidentes y enfermedades","Seguro de salud","Seguro de personas",""
85,"Aspectos Generales","De acuerdo a la ley general de instituciones de seguro, las operaciones de seguros son las siguientes a EXCEPCION de: 1. Vida 2. Accidentes y enfermedades 3. Danos 4. Incendio 5. Agrícola 6. Marítimos 7. Crédito 8. Automóviles","2, 3, 4, 7, 8","1, 2, 5, 6, 7","4, 5, 6, 7, 8","1, 3, 4, 5, 8","4, 5, 6, 7, 8",""
86,"Aspectos Generales","De la siguiente lista elija 3 características de una institución de seguros: 1. Constituida como sociedad anónima de capital fijo o variable 2. Contar con un capital mínimo pagado en cada operación autorizada 3. El numero de integrantes no podrá ser menor a 300 en vida individual 4. El contrato social debe constituirse ante la SHCP 5. Tratándose de sociedades de capital variable, el capital mínimo obligatorio estará integrado por acciones sin derecho a retiro","2, 3, 4","1, 2, 5","2, 4, 5","1, 3, 4","1, 2, 5",""
87,"Aspectos Generales","El objetivo de que los agentes tengan la obligación de contar con una póliza de responsabilidad civil por errores y omisiones es:","Garantizar el pago de comisiones de la aseguradora al agente","Garantizar el cumplimiento de las responsabilidades en que pueda incurrir ante el público usuario.","Garantizar el pago de primas a los clientes que contrataron un seguro a través de el","Garantizar el pago de siniestros a los clientes que contrataron un seguro a través de el","Garantizar el cumplimiento de las responsabilidades en que pueda incurrir ante el público usuario.",""
88,"Aspectos Generales","¿En qué documento se hace constar la autorización para ejercer la actividad de agente de seguros Persona Moral?","En una carta expedida por la Secretaría de Hacienda y Crédito Público","En un oficio de la compañía de seguros","En un oficio que expide la CNSF","En una cédula","En un oficio que expide la CNSF",""
1002,"Aspectos Generales","¿Cómo deben constituirse las personas morales que buscan obtener la autorización como agentes de seguros?","Como persona física","Como sociedades anónimas","Como una Sociedad Cerrada","Como promotoría o agencia","Como sociedades anónimas",""
89,"Aspectos Generales","La probabilidad de que ocurra un acontecimiento que traiga consecuencias económicamente negativas recibe el nombre de:","Siniestro","Incendio","Riesgo","Accidente","Riesgo",""
90,"Aspectos Generales","Cuando una persona en forma consciente acepta correr un riesgo de perder con la esperanza de ganar, tiene un riesgo:","Fortuito","Especulativo","Probable","Puro","Especulativo",""
91,"Aspectos Generales","Cuando alguien analiza las posibles causas del riesgo, con el afán de bajar al máximo la probabilidad de ocurrencia, decimos que lo esta:","Asumiendo","Previniéndolo","Transfiriendo","Eliminándolo","Previniéndolo",""
92,"Aspectos Generales","Todos los miembros de una sociedad se ponen de acuerdo y aportan una cantidad determinada para resarcir el daño que haya sufrido uno de ellos, a esto se le llama:","Retener o asumir","Transferir","Distribución","Reducción","Distribución",""
93,"Aspectos Generales","Cuando al sentir un riesgo, una persona celebra un contrato con alguna compañía de seguros para que esta se encargue de resarcir el daño, estamos hablando de:","Distribución","Reducción","Eliminación","Transferencia","Transferencia",""
1003,"Aspectos Generales","¿Cuántos años de prisión se impondrá a las personas que auxilien en la operación o distribución de recursos de procedencia ilícita?","De 1 a 9 años de prisión y multa de hasta 4,000 DSMGVDF","De 2 a 10 años de prisión","De 5 a 15 años de prisión","No hay sanción de prisión","De 1 a 9 años de prisión y multa de hasta 4,000 DSMGVDF",""
94,"Aspectos Generales","Identifica 2 tipos de reservas técnicas que las Instituciones deben constituir de acuerdo a la Ley: 1. Reservas de previsión 2. Reservas de riesgo en curso 3. Reservas para obligaciones pendientes de cubrir 4. Reservas para fluctuación de inversiones","1 2","2 3","1 3","2 4","2 3",""
95,"Aspectos Generales","Elija la causa que NUNCA provoca el término de un Contrato de Seguro de Vida:","Rescatar el valor garantizado","Declaración de invalidez","Fin de la vigencia","No pagar la prima","Declaración de invalidez",""
96,"Aspectos Generales","Un agente puede ceder los derechos de su cartera de pólizas a:","Agente Autorizado","Sociedad mutualista","Causahabiente del agente","Contratante","Agente Autorizado",""
97,"Aspectos Generales","¿Cuántos días hábiles tiene la Comisión Nacional para la Protección y Defensa de los Usuarios de Servicios Financieros para citar a las partes de la audiencia conciliatoria? R: Veinte días Hábiles.  121. Cuando a un usuario de alguna Institución de servicios financieros se le presentan hechos que pudieran considerarse como origen de una reclamación ¿Qué plazo máximo tiene el usuario para poder presentar dicha reclamación?","Dos años","Un año","Cinco años","30 días","Dos años",""
98,"Aspectos Generales","De la siguiente lista, identifique funciones de la Comisión Nacional para la Protección y Defensa de los Usuarios de Servicios Financieros:","Llevar a cabo el procedimiento conciliatorio entre la institución y el usuario","Emitir sentencias judiciales","Defender a todo tipo de Usuario Financiero","Defender a Instituciones Financieras","Llevar a cabo el procedimiento conciliatorio entre la institución y el usuario",""
99,"Aspectos Generales","¿En qué ramo se puede incluir el beneficio adicional de Responsabilidad Civil?","Automóviles","Incendio","Diversos","Agrícola","Automóviles",""
100,"Aspectos Generales","En cinco años contados a partir de la fecha del siniestro para la Cobertura de Perdida de la existencia de los seguros de vida.","1, 2","2, 3","3, 4","2, 4","3, 4",""
101,"Aspectos Generales","Cuando la Compañía ha transferido parte o la totalidad del riesgo a otra Compañía y ocurre un siniestro, ¿cuál o cuáles son las partes plenamente obligadas con el asegurado?","La Reaseguradora que asume el riesgo a través de un contrato con la aseguradora.","La Aseguradora que asume el riesgo a través de un contrato de Seguro.","La Aseguradora y Reaseguradora que asumen el riesgo a través de un contrato de Seguro.","Reaseguro Convenido","La Aseguradora que asume el riesgo a través de un contrato de Seguro.",""
102,"Aspectos Generales","¿Qué plazo tiene el árbitro o tribunal de arbitraje para emitir un laudo, una vez que se ha cerrado la etapa probatoria?","90 días","60 días","30 días","150 días","30 días",""
103,"Aspectos Generales","¿Cuándo terminan las obligaciones de la aseguradora en caso de de una agravación esencial en el riesgo no comunicada?","15 dias naturales","30 dias habiles","30 dias naturales","15 dias habiles","15 dias habiles",""
104,"Aspectos Generales","Menciona la Ley que establece que mientras el número de unidades de riesgo aumenta, es más seguro que la experiencia de pérdida efectiva sea igual a la experiencia de pérdida probable","Ley de los Grandes Números","Ley de Probabilidad","Ley de Distribución.","Ley o principio Mutual","Ley de los Grandes Números",""
105,"Aspectos Generales","Los siguientes tipos de desviaciones favorables generan dividendos EXCEPTO:","Rendimientos financieros","Primas excedentes","Mortalidad Favorable","Derechos de inspección","Derechos de inspección",""
106,"Aspectos Generales","¿En que momento se perfecciona el contrato de seguro?","Cuando el proponente firma la Póliza","Cuando la aseguradora recibe la propuesta","Cuando la aseguradora acepta el riesgo","Cuando el proponente paga la prima","Cuando la aseguradora acepta el riesgo",""
107,"Aspectos Generales","¿Cuál es el objeto de las reglas que establecen las orientaciones de política general aplicables a los agentes y apoderados de seguros y fianzas? elevar la comercialización de los contratos de seguros y de fianzas, ampliando la población protegida por dichos instrumentos actividades de intermediación","Establecer desarrollo de las actividades de intermediación que realizan los agentes, a fin de","Establecer el eficiente desarrollo de las actividades de intermediación que realizan los agentes bajo un marco de ética y profesionalismo de calidad apegado a derecho","Fomentaran la generación de conductas en beneficio de las personas relacionadas con las","Fomentaran la generación de conductas en beneficio de instituciones de seguros y fianzas","Establecer el eficiente desarrollo de las actividades de intermediación que realizan los agentes bajo un marco de ética y profesionalismo de calidad apegado a derecho",""
108,"Aspectos Generales","Cuando una persona adquiere un seguro, ¿Qué actitud esta mostrando ante el riesgo?","Prevenir","Distribuir","Transferir","Eliminar","Transferir",""
109,"Aspectos Generales","Al realizar una operación relevante una persona física con actividad empresarial, debe presentar los siguientes documentos, EXCEPTO:","Credencial de elector","Acta constitutiva","RFC","Cedula de identificación fiscal","Credencial de elector",""
110,"Aspectos Generales","El procedimiento para arbitraje en contra de las instituciones de seguros se sujetara a lo dispuesto por la:","Ley General de Instituciones y Sociedades Mutualistas de Seguros","Ley para la Defensa y Protección del Usuario de Servicios Financieros","Ley de Instituciones de Crédito","Ley Federal de Instituciones de Finanzas","Ley para la Defensa y Protección del Usuario de Servicios Financieros",""
111,"Aspectos Generales","¿Cómo deben constituirse las personas morales que buscan obtener la autorización como agentes de seguros?","Como sociedad anónima","Como asociación civil","Como sociedad de responsabilidad limitada","Como sociedad civil","Como sociedad anónima",""
112,"Aspectos Generales","Señale como se denomina a la persona que explica y asesora a los adquirientes del seguro sobre las distintas características, derechos, obligaciones y costos del mismo:","Asesor de riesgos","Agente de seguros","Ajustador de seguros","Asesor de Seguros","Agente de seguros",""
113,"Aspectos Generales","¿Sobre que primas las instituciones de seguros pueden pagar comisiones y cualquier otra compensación?","Sobre las primas cobradas con tarjeta de crédito","Sobre las primas cobradas con cheque","Sobre las primas cobradas en efectivo","Sobre las primas ingresadas a la institución","Sobre las primas ingresadas a la institución",""
114,"Aspectos Generales","Agente que tiene la autorización de cobrar primas a su nombre, suscribir riesgos, pagar siniestros.","Agente Provisional","Agente Definitivo","Agente apoderado de una persona Moral","Agente mandatario","Agente mandatario",""
115,"Aspectos Generales","¿Cuál de los siguientes conceptos se refiere a severidad?","Es el monto de los siniestros registrados en un periodo determinado","Es el porcentaje que represente los siniestros en relación a la suma asegurada","Es el costo promedio de los siniestros producidos en un año","Es el monto promedio de siniestros pagados en un periodo determinado","Es el costo promedio de los siniestros producidos en un año",""
116,"Aspectos Generales","Son los contratos elaborados bilateralmente por una institución de seguros y un proponente, en donde se establecen los términos y condiciones aplicables al seguro en cuestión:","Contratos de adhesión","Contratos civiles","Contratos de no adhesión","Contratos mercantiles","Contratos de no adhesión",""
117,"Aspectos Generales","La obligación de constituir un capital mínimo de garantía trae consigo lo siguiente. EXCEPTO:","Fortalecer el patrimonio de la aseguradora","Proteger a los asegurados de una posible insolvencia de la aseguradora","Elevar las ventas de la aseguradora","Permitir liquidez en la posible desviación del riesgo","Elevar las ventas de la aseguradora",""
118,"Aspectos Generales","De la siguiente lista elija a quienes pueden ceder los derechos de su cartera de pólizas:  1. Los agentes 2. Los Causahabientes del asegurado 3. El asegurado 4. Los causahabientes del agente fallecido 5. El contratante","2, 5","2, 4","1, 4","3, 5","1, 4",""
119,"Aspectos Generales","Señale de acuerdo a las reglas que establecen las orientaciones de política general aplicables a los agentes y apoderados de seguros y de fianzas, las características de la actuación de los agentes y apoderados: servicios, para la correcta valoración del riesgo responsabilidades a su cargo","Respetuosa, amable, honesta e identificarse con el original de la cedula de autorización vigente","Creativa, escrupulosa, amena y considerando el interés de la institución para la que presta sus","Rápida, concreta, formal y documentando los diferentes productos que intermedia","Transparente, justa, técnica y documentando su actividad de intermediación a fin de evitar","Respetuosa, amable, honesta e identificarse con el original de la cedula de autorización vigente",""
120,"Aspectos Generales","¿Cuánto tiempo mínimo de vigencia debe tener una póliza para que en caso de suicidio, la aseguradora este obligada a pagar la suma asegurada?","5 años","2 años","1 año","3 años","2 años",""
121,"Aspectos Generales","Los siguientes son elementos para el cálculo de la prima, EXCEPTO:","Gastos de redistribución de riesgos","Prima pura de riesgo","Utilidades","Derechos de póliza","Gastos de redistribución de riesgos",""
122,"Aspectos Generales","¿Qué tipo de seguro comprende todos los riesgos que puede afectar a la persona del asegurado, en su integridad personal, en su existencia, salud o vigor vital?","Seguro de personas","Seguro de gastos médicos mayores","Seguro de accidentes y enfermedades","Seguro de salud","Seguro de personas",""
123,"Aspectos Generales","De la siguiente lista elija 3 características de una institución de seguros:  1. Constituida como sociedad anónima de capital fijo o variable 2. Contar con un capital mínimo pagado en cada operación autorizada 3. El número de integrantes no podrá ser menor a 300 en vida individual 4. El contrato social debe constituirse ante la SHCP 5. Tratándose de sociedades de capital variable, el capital mínimo obligatorio estará integrado por acciones sin derecho a retiro","2, 3, 4","1, 2, 5","2, 4, 5","1, 3, 4","1, 2, 5",""
124,"Aspectos Generales","Del listado siguiente, identifique 3 riesgos cubiertos en la cobertura básica de Responsabilidad Civil Familiar:  1. Daños ocasionados a partir de un derrame de agua accidental 2. Daños ocasionados por asentamiento del suelo 3. Como propietario de animales domésticos 4. Por la práctica de deporte como aficionado 5. Daños ocasionados dolosamente por el asegurado 6. Daños ocasionados por embarcaciones propiedad del asegurado","Garantizar el cumplimiento de las responsabilidades en que pueda incurrir ante el público","usuario","Garantizar el pago de primas a los clientes que contrataron un seguro a través de el","Garantizar el pago de siniestros a los clientes que contrataron un seguro","usuario",""
125,"Aspectos Generales","¿En que documento se hace constar la autorización para ejercer la actividad de agente se seguros Persona Moral?","En una carta expedida por la Secretaria de Hacienda y Crédito Publico","En un oficio de la compañía de seguros","En un oficio que expide la CNSF","En una cédula","En un oficio que expide la CNSF",""
126,"Aspectos Generales","¿Cómo deben constituirse las personas morales que buscan obtener la autorización como agentes de seguros?","Como Promotorias, Gerencias de Zona o Agencias de Seguros","Como Sociedades Anónimas","Como un Sociedad Civil","Como Persona Física con Actividad Empresarial","Como Sociedades Anónimas",""
127,"Aspectos Generales","Persona física que tiene celebrado un contrato de mandato con un agente persona moral para que, a nombre de él, realice la actividad de intermediación:","Agente Apoderado","Agente Mandatario","Agente Persona Moral","Promotor de Seguros","Agente Apoderado",""
128,"Aspectos Generales","Cuando a un usuario de alguna Institución de servicios financieros se le presentan hechos que pudieran considerarse como origen de una reclamación ¿Qué plazo máximo tiene el usuario para poder presentar dicha reclamación? A la CONDUSEF","Un año","Dos Años","Dos años para Vida y cinco para daños","30 días","Dos Años",""
129,"Aspectos Generales","Cuando una empresa de seguros toma total o parcialmente un riesgo ya cubierto por otra, se le conoce como:","Reaseguro","Deducible","Coaseguro","Copago","Reaseguro",""
130,"Aspectos Generales","Identifica 2 tipos de reservas técnicas que las Instituciones deben constituir de acuerdo a la Ley: 1. Reservas de previsión 2. Reservas de riesgo en curso 3. Reservas para obligaciones pendientes de cubrir 4. Reservas para fluctuación de inversiones","1 2","2 3","1 3","2 4","2 3",""
131,"Aspectos Generales","Elija la causa que NUNCA provoca el término de un Contrato de Seguro de Vida:","Rescatar el valor garantizado","Declaración de invalidez","Fin de la vigencia","No pagar la prima","Declaración de invalidez",""
132,"Aspectos Generales","¿Qué plazo tienen las Instituciones de seguros para ejercer el derecho de preferencia sobre la cesión de la cartera de un agente?","15 días Naturales","30 días Naturales","15 días hábiles","30 días hábiles","15 días hábiles",""
133,"Aspectos Generales","Señale el plazo dentro del cual la CONDUSEF debe citar a las partes a la audiencia de conciliación:","Veinte días Hábiles.","Diez días Hábiles.","Quince días Hábiles.","Treinta días Hábiles.","Veinte días Hábiles.",""
134,"Aspectos Generales","Sancionar Administrativamente al Agente de Seguros","1,5","2,4","1,4","3,5","1,4",""
135,"Regulación CNSF","En caso de que la CONDUSEF, no sea designada como árbitro en una reclamación de un usuario contra una Institución financiera ¿A qué instancias podrá acudir el usuario?","CNSF","AMIS","Tribunales Correspondientes","AMASFAC","Tribunales Correspondientes",""
136,"Regulación CNSF","¿En qué ramo se puede incluir como beneficio el ramo de Responsabilidad Civil?","Paquete Familiar Casa Habitación","Automóviles","Paquete Múltiple Empresarial","Profesiones Médicas","Automóviles",""
137,"Regulación CNSF","Es el límite máximo de responsabilidad para la compañía de Seguros y no representa el la existencia del bien o el valor del mismo:","Suma Asegurada","Suma Asegurada para personas","Suma Asegurada Para Daños","Suma Asegurada para Vida","Suma Asegurada Para Daños",""
138,"Regulación CNSF","Diversos Técnicos  a.- Cristales b.- Robo de Mercancías c.- Montaje de Maquinaria d.- Equipo de Contratista e.- Resp Civil Obra Civil f.- Calderas y aparatos Sujetos a presión g.- Dinero y Valores","1a,c,g 2b,d,e","1a,b,g 2c,d,f","1a,b,g 2d,e,f","1a,c,d 2e,f,g","1a,b,g 2c,d,f",""
139,"Regulación CNSF","De manera indefinida","2,4","3,4","1,4","2,5","2,4",""
140,"Regulación CNSF","Señale como se denomina a la persona que explica y asesora a los adquirientes del seguro sobre las distintas características, derechos, obligaciones y costos del mismo:","Asesor de riesgos","Intermediario Financiero","Intermediario de Seguros","Agente de Fianzas","Intermediario de Seguros",""
141,"Regulación CNSF","Contrato de seguro en virtud del cual el asegurador se compromete, al cumplirse determinadas condiciones, a rembolsar al asegurado las primas satisfechas por este.","Coaseguro","Reaseguro","Contraseguro","Franquicia","Contraseguro",""
142,"Regulación CNSF","Son impedimentos para ser autorizados como agentes de seguros EXCEPTO:","Los condenados por delito patrimonial intencional o delitos contra la salud","Los empleados de instituciones financieras","Ajustadores, inspectores de riesgos","Los agentes empleados","Los agentes empleados",""
143,"Regulación CNSF","Las multas serán impuestas administrativamente por la CNSF tomando como base:","El salario mínimo de la Zona (Estado) al momento de cometerse la infracción","El IPC","El deslizamiento del peso frente al dólar","El salario mínimo general vigente en el Distrito Federal al momento de cometerse la infracción","El salario mínimo general vigente en el Distrito Federal al momento de cometerse la infracción",""
144,"Regulación CNSF","En cuanto tiempo y a quien deberán liquidarse las multas impuestas por la CNSF al cometerse una falta Administrativa:","Dentro de los quince días naturales a la imposición de la infracción y deberá pagarse a la CNSF","Dentro de los treinta días hábiles a la imposición de la infracción y deberá pagarse a la SHCP","Dentro de los quince días hábiles a la imposición de la infracción y deberá pagarse a la SHCP","Dentro de los quince días naturales a la imposición de la infracción y deberá pagarse a la SHCP","Dentro de los quince días hábiles a la imposición de la infracción y deberá pagarse a la SHCP",""
145,"Regulación CNSF","Las siguientes son causales de revocación de una Cedula como agente de seguros EXCEPTO:","Dejar de entregar las primas a las Instituciones perjudicando al cliente","Dejar de informar su cambio de ubicación a la CNSF y a los asegurados.","Actuar dentro del territorio nacional celebrando de contratos de seguros para una compañía no autorizada","Entrar en concurso mercantil o quiebra","Dejar de informar su cambio de ubicación a la CNSF y a los asegurados.",""
146,"Regulación CNSF","Dentro de las operaciones ilícitas es una forma de devolver los recursos económicos a un sistema legal","Estratificación","Colocación","Integración","Diversificación","Integración",""
147,"Regulación CNSF","Contrato de seguro en virtud del cual el asegurador se compromete, al cumplirse determinadas condiciones, a rembolsar al asegurado las primas satisfechas por este.","Coaseguro","Contraseguro","Franquicia","Dotal","Contraseguro",""
148,"Regulación CNSF","El dueño de una camioneta pick up no notifica a la aseguradora la agravación del riesgo al poner un tanque de gas y cambiando el combustible, durante la vigencia del seguro el bien asegurado se siniestra a consecuencia de vuelco, el ajustador determina que el siniestro es:","Improcedente porque no se comunico la agravación del riesgo","Se cancela el seguro y la responsabilidad terminará quince días después de la fecha en que comunique su resolución al asegurado.","Procedente porque la agravación no ejerció influencia sobre el siniestro","Se considera una omisión e inexacta declaración.","Procedente porque la agravación no ejerció influencia sobre el siniestro",""
149,"Regulación CNSF","Es un ejemplo en donde las aseguradoras renuncian expresa o tácitamente al derecho de rescindir el contrato por agravación de Riesgos.","Cláusula de Indisputabilidad","Cláusula de Carencia de Restricciones","Cláusula de Inmutabilidad","Cláusula de preexistencia declarada","Cláusula de Inmutabilidad",""
150,"Regulación CNSF","Es un ejemplo en donde las aseguradoras podrán hacer retroactivo y cubrir por convenio expreso de las partes contratantes un siniestro ocurrido antes de inicio de vigencia.","Cláusula de Indisputabilidad","No se puede cubrir ya que el contrato en estas circunstancias es nulo","Cláusula de Inmutabilidad","Cláusula de preexistencia declarada","Cláusula de preexistencia declarada",""
151,"Regulación CNSF","Son formulas y reglas empleadas en la ciencia actuarial para calcular en cada ramo o modalidad las primas, tasas o recargos para cada riesgo cubierto por una aseguradora:","Ley de los grandes Números","Principio mutual","Bases técnicas","Ley de probabilidad","Bases técnicas",""
152,"Regulación CNSF","Se aplica a los contratos en los que las partes quedan obligadas recíprocamente. Se denomina también Sinalagmático.","Adhesión","Bilateral","Oneroso","De buena fe","Bilateral",""
153,"Regulación CNSF","Acto por el que, en general, una persona se solidariza con las condiciones o postulados establecidos por otra.","Adhesión","Bilateral","Oneroso","De buena fe","Adhesión",""
154,"Regulación CNSF","Persona quien habiendo celebrado contrato de mandato con agente persona moral, queda expresamente facultado para desempeñar a su nombre alguna o algunas de las actividades de intermediación. Solo puede prestar sus servicios a un agente persona moral cuando cuente con la autorización.","Agente persona física","Agente persona Moral","Agente Apoderado de la persona Moral","Agente apoderado de la Compañía de Seguros","Agente Apoderado de la persona Moral",""
155,"Regulación CNSF","Principio básico y característico de todos los contratos que obliga a las partes a actuar entre sí con la máxima honestidad, no interpretando arbitrariamente el sentido recto de los términos recogidos en su acuerdo, ni limitando o exagerando los efectos que naturalmente se derivarían del modo en que los contratantes hayan expresado su voluntad y contraído sus obligaciones.","Adhesión","Bilateral","Oneroso","De buena fe","De buena fe",""
156,"Regulación CNSF","Contrato en donde el asegurador confía en la honestidad, lealtad y prudencia del asegurado y viceversa.","Adhesión","Bilateral","Oneroso","De buena fe","De buena fe",""
157,"Regulación CNSF","Daño que es consecuencia mediata o indirecta de un siniestro.","Daño Moral","Daño Natural","Daño Consecuencial","Daño en bienes","Daño Consecuencial",""
158,"Regulación CNSF","Operación financiera o comercial que pretende legalizar los bienes, recursos y servicios provenientes de actividades ilícitas.","Lavado de Dinero","Lavado de Seguros","Prevención de Operaciones Ilícitas","Fase de Integración","Lavado de Dinero",""
159,"Regulación CNSF","Significa que, si analizamos un número cada vez mayor de casos, nuestras conclusiones sobre lo ocurrido en el pasado serían más certeras.","Ley de los grandes Números","Principio mutual","Bases técnicas","Ley de probabilidad","Ley de los grandes Números",""
160,"Regulación CNSF","Es aquella entidad de seguros privada, que opera a prima fija o variable, sin ánimo de lucro, fuera del marco de los sistemas de previsión que constituyen la Seguridad Social obligatoria, y ejerce una modalidad aseguradora de carácter voluntario encaminada a proteger a sus miembros, o a sus bienes, contra circunstancias o acontecimientos de carácter fortuito y previsible, mediante aportaciones directas de sus asociados o de otras entidades o personas protectoras.","Institución de Seguros","Institución de Reaseguro","Institución Mutualista de Previsión Social","Auto asegurarse","Institución Mutualista de Previsión Social",""
161,"Regulación CNSF","Documento de carácter legal y oficial que especifica las características distintivas de un producto de seguro o fianza, mediante el que se determinan las primas y recargos de este a través de modelos de cálculo actuarial. En el que se considera la utilidad de la compañía, la formación de reservas, así como los gastos de operación y adquisición.","Contrato de Seguros","Nota Técnica","Condiciones Generales","Endosos","Nota Técnica",""
162,"Regulación CNSF","Es derivada como consecuencia de un daño cubierto y la póliza. Su inclusión entre las coberturas de la póliza dependerá de los que haya pactado al respecto.","Daño Moral","Daño Natural","Daño Consecuencial","Daño en bienes","Daño Consecuencial",""
163,"Regulación CNSF","El dueño de una camioneta pick up no notifico a la aseguradora el cambio de combustible a gas, durante la vigencia del seguro el tanque explota provocando la pérdida total esto es un ejemplo de:","Agravación del riesgo","Agravación esencial del riesgo","Extra prima","Sobre seguro","Agravación esencial del riesgo",""
164,"Regulación CNSF","Cuando una aseguradora se obliga a resarcir al acreedor los daños y perjuicios que le haya ocasionado el incumplimiento de; dar , hacer o pagar a consecuencia de un siniestro se refiere a:","Una fianza","Seguro de crédito","Seguro de Caución","Aval","Seguro de Caución",""
165,"Regulación CNSF","Fianzas  a.- Garantía personal en donde un tercero se obliga a pagar o cumplir una prestación debida por el deudor al acreedor b.- Se obliga a resarcir al acreedor los daños y perjuicios que el incumplimiento le haya ocasionado c.- Es un contrato Principal no accesoria d.- Es un contrato accesorio","1a c 2 b d","1 b c 2 a d","1 a c 2 b d","1 c d 2 a b","1 b c 2 a d",""
166,"Vida Individual","¿Los fideicomisos de las aseguradoras contienen un número de cuenta individual para cada póliza-certificado que participe en éste?","Sólo si es una póliza individual","No, es global","Sólo bajo convenio","Si","Si",""
167,"Vida Individual","Tipo de plan que siempre garantiza el pago de una cierta suma si el asegurado fallece durante la vigencia de la póliza o en caso de supervivencia:","Flexible","Temporal","Dotal","Universal","Dotal",""
168,"Vida Individual","¿Qué condición se requiere para que se considere accidente colectivo, la muerte de un asegurado?","Todas las opciones son válidas","Que tenga póliza colectiva","Que se presente un incendio en un edificio público","Que mueran varias personas","Que se presente un incendio en un edificio público",""
169,"Vida Individual","¿Cuál es la prima que se obtiene de la tabla de mortalidad y cubre únicamente el costo de la misma?","Prima de tarifa","Prima pura de riesgo","Prima única","Prima total","Prima pura de riesgo",""
170,"Vida Individual","La definición de fideicomitente es:","Persona que ordena el fideicomiso","Institución que administra el fideicomiso","Persona beneficiaria del fideicomiso","Institución que funge como intermediaria para la celebración del fideicomiso","Persona que ordena el fideicomiso",""
171,"Vida Individual","¿Qué cantidad se devuelve cuando el contrato se rescinde por error en la edad del asegurado, cuando la misma se encuentre fuera de los límites de admisión fijados por la empresa?","Los valores garantizados","Las primas pagadas","No se paga ninguna cantidad","La reserva matemática","La reserva matemática",""
172,"Vida Individual","¿Cuáles de las siguientes características corresponden a un Seguro Dotal?  a. Al término de la vigencia el asegurado recibe la suma asegurada b. El valor garantizado es cada vez mayor durante la vigencia c. La prima es la más baja de todos los planes d. La reserva matemática es decreciente en la segunda etapa del plazo e. Indemniza por muerte o sobre vivencia f. Indemniza sólo por fallecimiento","b, c, e","a, b, e","c, d, f","b, d, f","a, b, e",""
173,"Vida Individual","¿Cuál es la prima que se mantiene constante durante toda la vigencia del Seguro de Vida?","Prima de ahorro","Prima nivelada","Prima única","Prima escalonada","Prima nivelada",""
174,"Vida Individual","¿El fideicomisario puede cambiar los términos en los que fue creado el fideicomiso?","Sólo con la autorización de la fiduciaria","Si","No","Sólo con la autorización de la CNSF","No",""
175,"Vida Individual","De la siguiente lista, elija 2 opciones que operan en la cláusula de restricciones:  1. Deportes 2. Estado civil 3. Residencia 4. Ocupación 5. Viajes","1, 4","1, 2","3, 5","2, 4","3, 5",""
176,"Vida Individual","Relaciona las columnas buscando la característica correcta de cada uno de los valores y seguros de vida:  TIPO DE VALOR O SEGURO: 1. Valores garantizados 2. Valores de rescate 3. Seguro saldado 4. Seguro prorrogado  CARACTERÍSTICAS: a. La compañía reducirá el plazo del seguro en base a la tabla de valores, conservando la misma suma asegurada sin más pago de primas b. La compañía reducirá la suma asegurada de acuerdo a la tabla de valores, conservando el plazo contratado sin más pago de primas c. El asegurado tendrá derecho al valor efectivo que corresponda, de acuerdo con la tabla de valores d. Son los distintos usos que se le pueden dar a la parte de reserva a la que tiene derecho el asegurado","1c, 2d, 3a, 4b","1d, 2c, 3b, 4a","1a, 2b, 3c, 4d","1b, 2a, 3d, 4c","1d, 2c, 3b, 4a",""
177,"Vida Individual","La cláusula de carencia de restricciones establece que el contrato no está sujeto a restricción alguna por causa de:","Residencia, viajes y género de vida del asegurado","Género de vida, sexo y edad","Edad, ocupación y residencia","Residencia, viajes y estado civil","Residencia, viajes y género de vida del asegurado",""
178,"Vida Individual","¿Cuáles son los beneficios adicionales que se agregan al Seguro de Vida?","Por deportes riesgosos y accidentes","Por accidente e invalidez","Por invalidez y enfermedad","Por edad y enfermedad","Por accidente e invalidez",""
179,"Vida Individual","En el Seguro de Menores, ¿Qué edad mínima debe tener el asegurado a su fallecimiento para que se indemnice la suma asegurada?","16 años","12 años","14 años","15 años","12 años",""
180,"Vida Individual","En un Seguro de Vida a 10 años, ¿Cuál es la prima que paga un asegurado para cubrir el riesgo en un plazo máximo de 12 meses?","Única","Anual","Tarifa","Nivelada","Anual",""
181,"Vida Individual","Cuando el asegurado en su póliza de vida individual opta por un Seguro Prorrogado, la Aseguradora le respeta:","Dividendos","Plazo y suma asegurada","La misma suma asegurada","El mismo plazo","La misma suma asegurada",""
182,"Vida Individual","Cuando el asegurado renuncia a su derecho de cambiar los beneficiarios se considera:","Inembargable","Irrevocable","Revocable","Indisputable","Irrevocable",""
183,"Vida Individual","Para los efectos del Contrato de Seguro Colectivo, se considera como edad del asegurado, la que haya alcanzado:","A la fecha de emisión","A la fecha en que paga la prima","A la fecha de inicio de la vigencia","A la fecha de alta del seguro","A la fecha de alta del seguro",""
184,"Vida Individual","Elija 2 formas de utilizar los valores garantizados:  1. Dividendos 2. Seguro saldado 3. Valor en efectivo 4. Aportaciones adicionales 5. Seguro prorrogado","1, 2","2, 4","3, 4","2, 5","2, 5",""
185,"Vida Individual","Cuando la compañía dispone de la reserva matemática para cubrir el pago de algunas primas que el asegurado ha dejado de cubrir, se le conoce como:","Seguro prorrogado","Valor de rescate","Seguro saldado","Préstamo automático","Préstamo automático",""
186,"Vida Individual","En la póliza de seguro de vida, indique la cláusula mediante la cual se indemniza una suma asegurada previamente pactada en caso de fallecimiento por accidente antes de 90 días:","beneficio de homicidio intencional","Beneficio por muerte accidental","Doble indemnización","Indemnización por accidente","Beneficio por muerte accidental",""
187,"Vida Individual","Es la cantidad adicional que cubre el asegurado o contratante a la prima básica para cubrir un riesgo agravado en un Seguro de Vida:","Prima de depósito","Extraprima","Prima creciente","Prima excedente","Extraprima",""
188,"Vida Individual","De la siguiente lista, seleccione 3 planes de Seguro de Vida que garantizan al titular de la póliza cobrar la suma asegurada al terminar el plazo convenido:  1. Temporal 2. Ordinario de Vida 3. Dotal 4. Vida pagos limitados 5. Vida universal","2, 3, 4","1, 4, 5","1, 3, 5","2, 3, 5","2, 3, 4",""
189,"Vida Individual","¿Qué nombre recibe el fondo que se constituye en los primeros años del Seguro cuando el costo de mortalidad es más bajo que la prima que se está pagando?","Rescate","Reserva matemática","Utilidades","Dividendos","Reserva matemática",""
190,"Vida Individual","El Sr. Fuentes falleció el mes pasado víctima de un ataque cardiaco, ¿Qué opciones de cobro de la suma asegurada tienen los beneficiarios, si el Seguro contratado fue un Ordinario de Vida?","El cobro de un porcentaje de la suma asegurada y el resto en un esquema de pagos mensuales","El cobro de una pensión mensual hasta agotar la suma asegurada","Todas las anteriores","El cobro de la suma asegurada en una sola exhibición","Todas las anteriores",""
191,"Vida Individual","Seleccione las 3 excepciones a las exclusiones en el beneficio por invalidez:  1. Actos delictivos intencionales en que participe directamente el asegurado 2. Accidentes que ocurran mientras el asegurado se encuentre abordo de una aeronave particular 3. Accidentes abordo de una aeronave como pasajero en avión comercial 4. Estado de invalidez originado a consecuencia de alcoholismo o enervantes 5. Envenenamiento de cualquier naturaleza derivado de un accidente 6. Inhalación de gases de cualquier clase cuando se derive de un accidente","1, 4, 5","1, 2, 6","2, 3, 6","3, 5, 6","3, 5, 6",""
192,"Vida Individual","¿Qué contiene la tabla de mortalidad que sirve como base para el cálculo del costo del Seguro?","Las tasas de mortalidad en las cuales no se deben aceptar riesgos","El número de vivos por edad cada año","La proporción de personas por cada edad que mueren en el término de un año","La velocidad que aumenta cada año el número de muertos","La proporción de personas por cada edad que mueren en el término de un año",""
193,"Vida Individual","De la siguiente relación, elija las 2 condiciones que NO se necesitan para generar dividendos:  1. Que exista un ahorro en la mortalidad 2. Que haya un incremento en el número de asegurados 3. Que el uso de los valores sea inferior a la reserva 4. Que las sumas aseguradas contratadas sean menores 5. Que se genere ahorro en los recargos cobrados 6. Que la tasa de interés sea mayor a la supuesta","2, 4","1, 3","2, 6","5, 6","2, 4",""
194,"Vida Individual","En caso de que la muerte del asegurado ocurra por suicidio, ¿Cuál es el tiempo mínimo, según la ley sobre el contrato de Seguro, que debe estar vigente el Seguro de Vida para que los beneficiarios reciban la indemnización?","1 año","2 años","6 meses","3 años","2 años",""
195,"Vida Individual","Las condiciones generales de la póliza solo pueden modificarse mediante:","Endosos","Modificaciones al contrato","Modificaciones en las cláusulas","Acuerdo entre la aseguradora y el asegurado","Modificaciones al contrato",""
196,"Vida Individual","¿Qué ocurre en la solicitud existe omisión o declaraciones inexactas o declaraciones del proponente después de 13 meses de haber contratado la póliza?","Se cobra extra prima","Modifica los valores garantizados","Es disputable el contrato","Es indisputable la póliza","Es disputable el contrato",""
197,"Vida Individual","En caso de suicido, los beneficiarios pueden cobrar la suma asegurada solo si presentan los siguientes documentos:","Póliza, actuación del ministerio público y acta de nacimiento","Póliza, acta responsiva del ministerio publico","Póliza, certificado de fallecimiento y acta de nacimiento","Póliza, certificado de fallecimiento y fe de bautismo","Póliza, actuación del ministerio público y acta de nacimiento",""
198,"Vida Individual","De la siguiente relación indique 2 características para que una lesión corporal sea considerada un accidente:  1. Involuntario 2. En forma permitida 3. En forma súbita 4. Por una causa interna del organismo","3,4","2,4","1,2","1,3","1,3",""
199,"Vida Individual","La definición del fideicomiso es:","Fondo en donde una persona deja su dinero o administración de uno o varios bienes encomendados bajo el contrato a NAFINSA para que, en caso y tiempo determinados, la trasmita u otra persona","Fondo en donde varias personas dejan su dinero o administración de uno o varios bienes encomendados bajo contrato a una organización financiera para que, en caso y tiempo determinados, la transmita a otra persona.","Fondo en donde varias personas dejan su dinero administración de un bien encomendado bajo contrato a una persona física para que, en caso y tiempo determinados, la transmita a otra persona.","Fondo en donde una persona deja su dinero o administración de un bien encomendado bajo contrato a una persona moral para que, en caso y tiempo determinados, la transmita a otra persona.","Fondo en donde varias personas dejan su dinero o administración de uno o varios bienes encomendados bajo contrato a una organización financiera para que, en caso y tiempo determinados, la transmita a otra persona.",""
200,"Vida Individual","Este evento esta cubierto después de 2 años a partir de la fecha de inicio de vigencia de la póliza:","Envenenamiento","Suicidio","Muerte accidental","Riña","Suicidio",""
201,"Vida Individual","Las siguientes son exclusiones y excepciones del beneficio de muerte accidental, relaciona las columnas:  GRUPO: 1. Excepciones (Cubiertas) 2. Exclusiones (No cubiertas)  DESCRIPCIÓN: a. Actos delictivos intencionales en que participe el asegurado b. Accidentes bajo influencia de drogas prescritos por médicos c. Envenenamiento por inhalación accidental de gases d. Accidentes del asegurado originado bajo los efectos del alcohol","1 a, d; 2 b, c","1 b, d; 2 a, c","1 b, c; 2 a, d","1 a, b; 2 c, d","1 b, c; 2 a, d",""
202,"Vida Individual","Cuando fallece el asegurado y no existe ningún beneficiario designado en su póliza ¿a quién se le paga la suma asegurada?","Dependientes económicos.","A los sucesores legales.","A ninguna persona.","Se ingresa a un fideicomiso.","A los sucesores legales.",""
203,"Vida Individual","La siguiente es una causa para poder tener derecho a la indemnización por invalidez:","Práctica de servicio militar.","Intento de suicidio.","Accidente automovilístico.","Envenenamiento.","Accidente automovilístico.",""
204,"Vida Individual","La pérdida de manos por amputación quirúrgica o traumática, se ampara en la cobertura que recibe el nombre de:","Pérdida corporal.","Pérdida anquitóxica.","Pérdida de miembros.","Pérdidas orgánicas.","Pérdidas orgánicas.",""
205,"Vida Individual","¿En qué plan del seguro de vida, se estipula que el plazo del pago de primas es menor al plazo del seguro?","Ordinario de vida.","Temporal.","Vida pagos limitados.","Dotal.","Vida pagos limitados.",""
206,"Vida Individual","Es el seguro cuyo objetivo es proteger al asegurado únicamente contra fallecimiento:","Ordinario de vida.","Dotal.","Vida pagos limitados.","Temporal.","Temporal.",""
207,"Vida Individual","¿Qué cantidad debe pagar la aseguradora cuando fallece el asegurado menor antes de cumplir 11 años?","Los valores garantizados.","No se paga ninguna cantidad.","La suma asegurada contratada.","Las primas pagadas menos gastos.","Las primas pagadas menos gastos.",""
208,"Vida Individual","Cuando una aseguradora acepta riesgos subnormales, ¿cómo compensa la siniestralidad adicional?","Aplicando extraprima .","Aumentando la reserva matemática.","Disminuyendo la suma asegurada.","Aplicando la indemnización proporcional.","Aplicando extraprima .",""
209,"Vida Individual","¿Cuál es la prima que incluye la prima nivelada, gastos de adquisición, gastos de administración y la utilidad esperada por la aseguradora?","Prima de tarifa.","Prima de riesgo.","Prima comercial.","Prima total.","Prima de tarifa.",""
210,"Vida Individual","La definición de fiduciaria es:","Es la persona, que crea el fideicomiso a favor de un beneficiario.","Es la institución, autorizada por las organizaciones de crédito, para cumplir los fines para los cuales fue creado el fondo.","Es la persona, beneficiaria de los fines para los cuales fue creado el fideicomiso.","Es la institución, autorizada por las autoridades financieras, para cumplir los fines para los cuales fue creado el fideicomiso.","Es la institución, autorizada por las autoridades financieras, para cumplir los fines para los cuales fue creado el fideicomiso.",""
211,"Vida Individual","La prima que tiene un aumento sucesivo anual y que aplica para toda la vigencia del seguro o para un plazo determinado se denomina:","Prima anual.","Prima creciente.","Prima de tarifa.","Prima variable.","Prima creciente.",""
212,"Vida Individual","¿Cómo se le llama al fondo donde se acumulan junto con los rendimientos obtenidos por la inversión, los excedentes pagados durante los primeros años de vigencia del seguro a través de la prima neta nivelada?","Reserva técnica.","Reserva en curso.","Reserva de inversión.","Reserva matemática.","Reserva matemática.",""
213,"Vida Individual","¿Cuál es el plazo que el asegurado tiene para revisar el contenido de la póliza y en su caso, solicitar las modificaciones correspondientes?","30 días a partir de recibir la póliza.","30 días a partir de descubierto el error.","30 días a partir del inicio de vigencia.","30 días a partir del pago de la prima.","30 días a partir de recibir la póliza.",""
214,"Vida Individual","La siguiente es una causa para poder tener derecho a la indemnización por invalidez en el seguro de Vida individual:","Que sea a consecuencia de un accidente o enfermedad dentro de los 90 días siguientes.","Que sea a consecuencia de un accidente o enfermedad y que requiera reclusión en hospital o en su hogar.","Que originada por una enfermedad o accidente, impida al asegurado trabajar en su actividad usual u otra compatible con sus conocimientos, aptitudes y posición social.","Que el asegurado sufriere una incapacidad para el desempeño de todas las labores diarias propias de su ocupación y se encontrare recluido en un sanatorio","Que originada por una enfermedad o accidente, impida al asegurado trabajar en su actividad usual u otra compatible con sus conocimientos, aptitudes y posición social.",""
215,"Vida Individual","En la póliza de seguro de Vida, indique la cláusula mediante la cual se indemniza una suma asegurada previamente pactada en caso de fallecimiento por accidente antes de 90 días:","Indemnización por muerte Accidental","Beneficio de Muerte Accidental","Muerte Accidental y Perdidas Orgánicas","Doble indemnización","Beneficio de Muerte Accidental",""
216,"Vida Individual","En el seguro de Vida, los principales beneficios adicionales son los siguientes, EXCEPTO:","Beneficio de Muerte Accidental","Beneficio de Incapacidad total y permanente","Beneficios de Accidente e Invalidez","Indemnización Pérdidas Orgánicas","Indemnización Pérdidas Orgánicas",""
217,"Vida Individual","Las siguientes son condiciones indispensables para el trámite del anticipo para últimos gastos en el seguro de Vida individual, EXCEPTO:","Que el seguro tenga al menos dos años de vigencia","Presentar la póliza, recibo y acta de defunción.","Que el seguro tenga menos dos años de vigencia.","Se anticipa un porcentaje de la Suma Asegurada.","Que el seguro tenga menos dos años de vigencia.",""
218,"Vida Individual","Con el fin de dar una solución completa a los problemas económicos del asegurado, el seguro de Vida individual puede proporcionar beneficios:","De Accidente y Enfermedades.","De Accidentes y Gastos Médicos.","De Accidentes e Invalidez.","Conyugal y Mancomunado.","De Accidentes e Invalidez.",""
219,"Vida Individual","¿Cuál es el plazo máximo que debe transcurrir para que la Compañía de Seguros pague la indemnización del Beneficio de Muerte Accidental dentro del seguro de Vida individual?","Después de 90 días siguientes al accidente.","Dentro de los 90 días siguientes al accidente.","Dentro de los 30 días de haber entregado los documentos justificantes del siniestro.","Dos años contados a partir de la fecha del siniestro.","Dentro de los 90 días siguientes al accidente.",""
220,"Vida Individual","En la tabla de mortalidad del seguro de Vida, ¿qué se obtiene si se divide el número de muertos al final del año entre el número de vivos al inicio del año? a.- La probabilidad anual de muerte. b.- La tasa de Morbilidad. c.- La Tasa de Mortalidad. d.- El numero de muertos por enfermedad","a y b","b y c","a y c","a y d","a y c",""
221,"Vida Individual","Es la prima en el seguro de Vida, que refleja el reparto del costo por fallecimiento, y se obtiene directamente de la tabla de mortalidad:","Tasa de Mortalidad","Prima Total","Prima neta","Prima pura de Riesgo","Prima pura de Riesgo",""
222,"Vida Individual","¿Qué tipo de prima se aplica al cobro de los siguientes seguros de Vida? 1. Dotal edad alcanzada 65 2. Ordinario de vida 3. Temporal 20","Prima Pura de Riesgo","Prima Creciente","Prima Nivelada","Prima Decreciente","Prima Nivelada",""
223,"Vida Individual","Cuando el asegurado retira en una sola exhibición los valores garantizados en el seguro de Vida individual, se habla de:","Préstamo Ordinario","Valores en Efectivo","Valores Garantizados","Valor de Rescate","Valor de Rescate",""
,"Vida Individual","De los siguientes factores elige los 3 que afectan para determinar el monto de los valores garantizados en el seguro de Vida:  1.- Plan contratado 2.- Interés compuesto 3.- Beneficios adicionales 4.- Años de primas pagadas 5.- Edad del asegurado 6.- Mortalidad esperada","1 ,2 y 3","3, 4 y 5","1, 2 y 4","1, 2 y 5","1, 2 y 4",""
225,"Vida Individual","En el seguro de Vida individual, ¿quién tiene derecho a disponer de la reserva matemática?","El Beneficiario del Seguro","El Contratante del seguro","El proponente del Seguro","El Fideicomisario","El Contratante del seguro",""
226,"Vida Individual","Dentro del seguro de Vida individual, cuando el asegurado hace uso de los valores garantizados y solicita que se reduzca el plazo del seguro manteniendo la misma suma asegurada, estamos hablando de:","Seguro Saldado","Seguro Prorrogado","Valores en efectivo","Valores Garantizados","Seguro Prorrogado",""
227,"Vida Individual","En el seguro de Vida individual, ¿cómo se le conoce al derecho que tiene el asegurado de disponer de la reserva matemática?","Seguro Saldado","Seguro Prorrogado","Valores en efectivo","Valores Garantizados","Valores Garantizados",""
228,"Vida Individual","En una póliza de Vida individual, cuando el asegurado renuncia a su derecho de cambiar los beneficiarios se considera:","Inembargable","Irrevocable","Revocable","Indisputable","Irrevocable",""
229,"Vida Individual","Este evento está cubierto después de dos años a partir de la fecha de inicio de vigencia de la póliza:","Suicidio","Enfermedad Preexistente","Omisión o inexacta Declaración (Indisputabilidad)","Accidente Colectivo","Omisión o inexacta Declaración (Indisputabilidad)",""
1020,"Vida Individual","Liquidar la diferencia entre la reserva matemática actual y la que tiene que constituirse para un nuevo Seguro de Vida, es una obligación que adquiere el asegurado ante la Aseguradora cuando:","Se cambia de Plan en el Seguro de Vida","Se rehabilita la póliza","Se solicita un préstamo automático","Se realiza la cesión de cartera","Se cambia de Plan en el Seguro de Vida",""
1021,"Vida Individual","Dentro del seguro de Vida individual, ¿cómo se distribuye la suma asegurada cuando los beneficiarios son el cónyuge y los descendientes del asegurado, y no se especifica la participación de cada uno de ellos?","Por partes Iguales","100% a la Cónyuge","50% a la Cónyuge el otro 50% a los hijos","De acuerdo con el Testamento","Por partes Iguales",""
1022,"Vida Individual","En el seguro de Vida individual, ¿quién debe de cobrar la suma asegurada cuando fallece el asegurado?","Los Causahabientes","Los Ascendentes","Los Beneficiarios","Los Descendientes","Los Beneficiarios",""
1023,"Vida Individual","De la siguiente lista de siniestros, selecciona qué hace posible la devolución de primas pagadas en un seguro de Vida individual:","Desaparece uno de los asegurados mancomunados","Fallece un asegurado de 14 años de edad","Se incapacita el contratante","Fallece un asegurado menor de 12 años de edad","Fallece un asegurado menor de 12 años de edad",""
1024,"Vida Individual","Cuando el asegurado no fallece dentro del período contratado de un plan temporal, la Aseguradora está obligada a:","Devolver las primas","Devolver una parte de las primas","No está obligada a nada","A pagar dividendos producto de la inversión de la Reserva Matemática","No está obligada a nada",""
230,"Vida Individual","Cuando se demuestra legalmente el estado de invalidez total y permanente.","1,2 y 3","2, 3 y 4","3, 4 y 5","4, 5 y 6","2, 3 y 4",""
,"Vida Individual","De la siguiente lista de Pérdidas Orgánicas, identifica las 3 que dan derecho a indemnización del 100% de la suma contratada para los beneficios por accidente:  1. La pérdida de todos los dedos de las manos 2. La pérdida de la vista en ambos ojos 3. Una mano y un pie 4.- Ambas manos 5.- Ambos pies 6.- La anquilosis","1, 2, 3","2, 4, 5","2, 3, 5","1, 2, 6","2, 3, 5",""
232,"Vida Individual","De la siguiente relación, elige 2 planes de Vida individual que no obligan al asegurado a pagar primas durante su vigencia: 1. Dotal 20 2. Vida pagos limitados 10 3. Temporal 15 4. Ordinario de vida prima única 5. Temporal a un año","1, 2","2, 4","2, 5","1, 5","2, 4",""
233,"Vida Individual","En el Seguro de Vida, ¿Cuál es el plan que garantiza el pago de la suma asegurada al momento del fallecimiento del asegurado, pero que en caso de sobrevivir al período contratado la Aseguradora no tiene responsabilidad alguna?","Temporal","Ordinario de Vida","VPL","Dotal","Temporal",""
,"Vida Individual","De la siguiente lista elija cuáles son las 3 pólizas de vida entera:  1.- Ordinario de vida 2.- Vida universal 3.- Dotal 4.- Vida pagos limitados 5.- Vida entera prima única 6.- Temporal","1, 2, 3","1, 4, 5","1, 2, 4","1, 2, 5","1, 4, 5",""
235,"Vida Individual","Si un asegurado tiene una póliza de Seguro de Vida que le garantiza pagar la suma asegurada cuando fallezca en cualquier tiempo sin importar la edad ni el número de años pagados, decimos que el plan contratado es:","Ordinario de Vida","Vida pagos limitados","Vida Entera","Vitalicios","Ordinario de Vida",""
236,"Vida Individual","Dentro del Seguro de Vida, es aquel plan el cual después de haber pagado las primas correspondientes en un tiempo estipulado, no se necesita efectuar ningún otro pago y el Seguro sigue vigente hasta que el asegurado muere.","Ordinario de Vida","Vida pagos limitados","Vida Entera","Vitalicios","Vida pagos limitados",""
237,"Vida Individual","De la siguiente lista, seleccione 3 ventajas de contratar un Seguro a prima nivelada mayor a 10 años: 1. No aumenta la prima al haber cambios en su estado de salud 2. Garantiza dividendos todos los años 3. Evita que el costo del seguro se eleve año con año 4. Tiene una Cuenta de Valores en Efectivo 5. Cuenta con Valores Garantizados","1, 2, 3","1, 3, 5","1, 3, 4","1, 2, 4","1, 3, 5",""
238,"Vida Individual","¿Cuál es la prima que resulta de promediar las primas puras de riesgo que el asegurado tenga que pagar durante los años en que participe del Seguro?","Prima de Riesgo","Prima en depósito","Prima Creciente","Prima Nivelada","Prima Nivelada",""
239,"Vida Individual","¿Cuáles conceptos se relacionan con prestaciones en efectivo para el asegurado?","Préstamo automático","Valores garantizados","Rescate","Seguro prorrogado","Préstamo automático",""
240,"Vida Individual","Si fallece el asegurado, ¿A quién se le paga la suma asegurada que le correspondería a un beneficiario desaparecido?","A los Padres del Asegurado","A los Padres del Beneficiario","A los designados en el testamento","Ninguna respuesta es correcta","A los Padres del Asegurado",""
241,"Vida Individual","Son los documentos del asegurado necesarios para que los beneficiarios puedan cobrar la suma asegurada estipulada en la póliza: a) Póliza b) Acta de matrimonio en caso de que el beneficiario sea el cónyuge c) Acta de nacimiento d) Certificado de defunción e) Copia de identificación del Asegurado y sus beneficiarios f) Averiguaciones previas del C. Agente del Ministerio Público cuando el siniestro haya ocurrido a consecuencia de accidente, homicidio, suicidio o cualquier otra causa no definida como muerte natural","a, b, c, d, e","a, c, d, e, f","Ninguna es correcta","Todas las Opciones son correctas","a, c, d, e, f",""
242,"Vida Individual","En caso de suicidio, los beneficiarios pueden cobrar la suma asegurada solo si presentan los siguientes documentos:","Póliza, certificado de fallecimiento, acta de nacimiento","Póliza, actuación del Ministerio Público, acta de nacimiento","Póliza, acta de nacimiento, RFC","Póliza, certificado de fallecimiento, Denuncia ante las Autoridades Competentes","Póliza, actuación del Ministerio Público, acta de nacimiento",""
243,"Vida Individual","El Lic. González adquirió un Seguro de Vida junto con otros dos socios de su despacho para proteger los intereses del mismo en caso de fallecimiento de alguno de ellos. ¿Qué documentación es necesaria para hacer efectivo el cobro de la suma asegurada si alguno de los socios falleciera?","Póliza, certificado de fallecimiento, acta de nacimiento","Póliza, acta de nacimiento, Acta Constitutiva la Sociedad","Póliza, certificado de fallecimiento, Denuncia ante las Autoridades Competentes","Póliza, certificado de fallecimiento, acta de nacimiento, acta notarial","Póliza, certificado de fallecimiento, acta de nacimiento, acta notarial",""
244,"Vida Individual","Hace más de veinticinco años que el Sr. Ramírez contrató una pensión con la aseguradora 'Nacional Fellowship de México', dicho contrato será efectivo en cinco años, lo cual le dará al beneficiario la opción de:","Pago único una sola exhibición o Renta vitalicia","Renta vitalicia con garantía, Renta cierta o Plazo fijo.","Todas son correctas","Solo renta Vitalicia","Todas son correctas",""
245,"Accidentes y Enfermedades","En una póliza de Gastos Médicos Mayores, existen gastos cubiertos y exclusiones. Relaciona éstos con los conceptos descritos:  GASTOS: 1. Cubiertos 2. Excluidos  CONCEPTOS: a. Eclampsia b. Circuncisión c. Parto normal d. Embarazo molar","1a, d; 2b, c","1b; 2a, c, d","1a, c; 2b, d","1a, b, c; 2d","1a, c; 2b, d",""
246,"Accidentes y Enfermedades","En caso de que la suma asegurada se agote en una sola enfermedad, ¿Qué pasa si se presenta durante la misma vigencia un accidente que no tiene ninguna relación con la enfermedad?","Se cubre hasta por otro tanto de la suma asegurada contratada","Se cubre a la renovación de la póliza para que la suma asegurada se reinstale","No se cubre el accidente porque no tiene reinstalación automática","No se cubre porque la aseguradora ya cumplió con su responsabilidad","Se cubre hasta por otro tanto de la suma asegurada contratada",""
247,"Accidentes y Enfermedades","En el Seguro de Gastos Médicos, en el caso de gastos complementarios de alguna enfermedad, ¿Qué ocurre con el coaseguro?","Se aplica el coaseguro hasta terminar con los gastos complementarios","Se aplica deducible y coaseguro a cada gasto complementario","No se aplica coaseguro y deducible a los gastos complementarios","Se aplica coaseguro sólo en la primera reclamación","Se aplica el coaseguro hasta terminar con los gastos complementarios",""
248,"Accidentes y Enfermedades","En la póliza de Gastos Médicos Mayores, las siguientes definiciones describen un padecimiento preexistente, EXCEPTO:","Que con anterioridad a la vigencia de la póliza, las alteraciones de la salud se desarrollen asintomáticamente","Que haya sido diagnosticado médicamente con anterior a la vigencia del contrato de Seguro","Que antes de iniciar el contrato de seguro se manifiesten signos y/o síntomas","Que antes del inicio de la cobertura existieran muestras aparentes a la vista que no pudieron pasar desapercibidas","Que con anterioridad a la vigencia de la póliza, las alteraciones de la salud se desarrollen asintomáticamente",""
249,"Accidentes y Enfermedades","Son obligaciones de las ISES, EXCEPTO:","Mantener actualizados los directorios de prestadores de servicios","Comunicar la actualización de los directorios médicos","Operar con recursos propios","Mantener su infraestructura operando con apego a las NOM","Operar con recursos propios",""
250,"Accidentes y Enfermedades","El Seguro de Salud ampara los siguientes riesgos, EXCEPTO:","Vacunación","Check-up","Aplicación de flúor","Enfermedades","Check-up",""
251,"Accidentes y Enfermedades","Las pérdidas orgánicas se cubren si suceden a consecuencia de un accidente dentro de un plazo máximo de:","90 días después del accidente","30 días después del accidente","60 días después del accidente","150 días después del accidente","90 días después del accidente",""
252,"Accidentes y Enfermedades","¿Cuáles de los siguientes conceptos son exclusiones cubiertas únicamente bajo convenio expreso en el Seguro de Accidentes Personales?  a. Lesiones que sufra el asegurado por participación en riñas b. Lesiones que sufra el asegurado a consecuencia de paracaidismo, buceo, alpinismo c. Miembros de la tripulación de cualquier aeronave d. Lesiones que sufra el asegurado en servicio militar, guerra, insurrección","b, c, d","b, c","a, c","a, b, d","b, c",""
253,"Accidentes y Enfermedades","De la siguiente lista de condiciones, elija aquellas que son exclusiones de la póliza de Gastos Médicos Mayores:  1. Tratamiento médico derivado de un padecimiento congénito detectado dentro de la vigencia de la póliza y la misma no estaba contratada desde el nacimiento del asegurado 2. Tratamiento de obesidad por razones orgánicas 3. Lesiones que el asegurado tenga por viajar como ocupante en un vehículo de carreras 4. Reposición de prótesis dañadas que ya tenía el asegurado antes de contratar la póliza, a consecuencia de un accidente cubierto 5. Tratamiento reconstructivo como resultado de un accidente cubierto","2, 3, 4","3, 4, 5","1, 2, 5","1, 3, 4","1, 2, 5",""
254,"Accidentes y Enfermedades","Son servicios adicionales al Seguro de Salud, EXCEPTO:","Terapias de rehabilitación por alcoholismo","Servicio de ambulancia","Cuidados en casa","Suministro de oxígeno","Terapias de rehabilitación por alcoholismo",""
255,"Accidentes y Enfermedades","¿Cómo se define el copago?","Es la cantidad de dinero con que participa el asegurado en los estudios de laboratorios","Es el porcentaje de participación del asegurado en las consultas médicas de cualquier nivel","Es la participación a cargo del asegurado que cubre al utilizar cualquier servicio","Son los pagos pequeños a cargo del asegurado al usar los servicios médicos.","Es la participación a cargo del asegurado que cubre al utilizar cualquier servicio",""
256,"Accidentes y Enfermedades","Relaciona los conceptos con sus definiciones:  CONCEPTOS: 1. Accidente 2. Enfermedad 3. Padecimiento 4. Enfermedad preexistente  DEFINICIONES: a. Son las alteraciones morfológicas o funcionales del organismo cuyos síntomas eran aparentes a la vista o habían sido diagnosticadas por un médico antes de iniciar la vigencia del Seguro b. Toda lesión causada al asegurado por eventos fortuitos, súbitos, violentos y causas externas c. Son alteraciones morfológicas, estructurales y/o funcionales del organismo por causas anormales internas o externas d. Son alteraciones morfológicas, estructurales y/o funcionales del organismo o sistema del cuerpo, por causas ocurridas en el período de gestación","1a, 2b, 3c, 4d","1d, 2a, 3b, 4c","1b, 2c, 3d, 4a","1c, 2d, 3a, 4b","1b, 2c, 3d, 4a",""
257,"Accidentes y Enfermedades","¿A qué unidad administrativa de la Comisión Nacional de Arbitraje Médico le corresponde la atención de inconformidades en amigable composición?","Dirección General de Orientación y Gestión","Dirección General de Asesoría Legal","Dirección General de Asuntos Jurídicos","Dirección General de Conciliación","Dirección General de Conciliación",""
258,"Accidentes y Enfermedades","Las siguientes condiciones corresponden al sistema de reembolso de Gastos Médicos Mayores, EXCEPTO:","Que el gasto sea hasta el porcentaje de la tabla de honorarios quirúrgicos dentro de la red","Que a consecuencia de algún accidente o enfermedad cubiertos por la póliza, surja la erogación fuera de red","El gasto que proceda será posteriormente reintegrado al asegurado fuera de red","El gasto realizado debe ser liquidado por el asegurado fuera de red","Que el gasto sea hasta el porcentaje de la tabla de honorarios quirúrgicos dentro de la red",""
259,"Accidentes y Enfermedades","¿Qué plazo tienen las instituciones de Seguros Especializadas en Seguros de Salud, para informar a los asegurados sobre los cambios en la estructura hospitalaria?","30 días hábiles","15 días naturales","30 días naturales","15 días hábiles","15 días hábiles",""
260,"Accidentes y Enfermedades","De acuerdo a los siguientes datos: ¿Por cuánto se indemniza a un asegurado por concepto de gastos médicos?  1. Suma asegurada $1,000,000.00 2. Deducible $10,000.00 3. Coaseguro 10% 4. Valor del gasto erogado $500,000.00","$459,000.00","$441,000.00","$440,000.00","$390,000.00","$441,000.00",""
261,"Accidentes y Enfermedades","En el Seguro de Accidentes Personales, los siguientes son elementos que se toman en cuenta para cobrar la prima adecuada, EXCEPTO:","Ocupación","Suma asegurada","Sexo","Edad","Sexo",""
262,"Accidentes y Enfermedades","Las siguientes son características del reconocimiento de antigüedad en la póliza de Gastos Médicos, EXCEPTO:","Considera el período asegurado ininterrumpido en caso de cambiar de compañía aseguradora","Considera el período asegurado ininterrumpido en caso de cambiar de plan","Permite cambiar en forma abierta los padecimientos preexistentes","El tiempo transcurrido para los padecimientos con período de espera se respeta en el nuevo plan","Permite cambiar en forma abierta los padecimientos preexistentes",""
263,"Accidentes y Enfermedades","Indique cómo se consideran, dentro del Seguro de Gastos Médicos, las competencias de automóviles (pruebas de resistencia, velocidad, etc.), la práctica de paracaidismo y el buceo:","Riesgos cubiertos","Riesgos independientes","Agravación del riesgo asegurado","Riesgos no cubiertos, pero que pueden serlo mediante convenio expreso","Riesgos no cubiertos, pero que pueden serlo mediante convenio expreso",""
264,"Accidentes y Enfermedades","Son especialidades de segundo nivel, EXCEPTO:","Oftalmología","Cirugía general","Ortopedia","Homeopatía","Cirugía general",""
265,"Accidentes y Enfermedades","En el seguro de accidentes personales, si como consecuencia de un accidente el asegurado debe someterse a atención médica urgente, la compañía pagará los gastos por medio de la cobertura de:","Reembolso de gastos médicos por accidente","Indemnización diaria por hospitalización","Reembolso de gastos médicos por incapacidad","Gastos hospitalarios","Reembolso de gastos médicos por accidente",""
266,"Accidentes y Enfermedades","Los siguientes elementos sirven para seleccionar el riesgo, EXCEPTO:","Residencia","Deportes","Profesión","Estado Civil","Estado Civil",""
267,"Accidentes y Enfermedades","Cuando el asegurado haga uso del servicio contratado, está obligado a:","Realizar el copago del servicio","Presentar la póliza","Verificar que el médico sea de la red","Verificar que el precio del servicio sea el facturado","Realizar el copago del servicio",""
268,"Accidentes y Enfermedades","¿Cuál es el objetivo de la medicina de primer nivel o contacto?","El mantenimiento de la salud y la prevención de accidentes","El restablecimiento de la salud","La prevención de enfermedades y la rehabilitación de los pacientes","La eliminación y disminución de riesgos de salud","El restablecimiento de la salud",""
269,"Accidentes y Enfermedades","¿En qué formas se puede estipular el copago?","Como un porcentaje del costo del servicio o una cantidad fija","Siempre se estipula como un porcentaje del servicio","Únicamente como un monto fijo","Como un porcentaje de la suma asegurada o una cantidad fija por servicio","Como un porcentaje del costo del servicio o una cantidad fija",""
270,"Accidentes y Enfermedades","¿A qué organismo, aparte de la Comisión Nacional para la Defensa de los Usuarios de Servicios Financieros deben sujetarse las Instituciones de Seguros Especialistas en Salud, para consultas y reclamaciones?","La Comisión Nacional de Arbitraje Médico","La Asociación Mexicana de Instituciones de Seguros","La Secretaría de Salud","La Comisión Nacional de Seguros y Fianzas","La Comisión Nacional de Arbitraje Médico",""
271,"Accidentes y Enfermedades","En la póliza de gastos médicos mayores, los tratamientos que no son médicamente indispensables para la recuperación de la salud, tales como los estéticos, dietéticos, de obesidad y calvicie son:","Tratamientos asegurables con extraprima.","Tratamientos excluidos.","Tratamientos asegurables con periodo de espera.","Tratamientos asegurables bajo convenio expreso.","Tratamientos excluidos.",""
272,"Accidentes y Enfermedades","Señale qué afectaciones se contemplan en la escala “B” de pérdidas orgánicas y que están excluidas en la escala “A” de la póliza de accidentes personales:","Anquilosis de manos o pies.","Orejas.","Pérdida total de la vista.","Pérdida de manos o pies.","Anquilosis de manos o pies.",""
273,"Accidentes y Enfermedades","En la póliza de gastos médicos mayores, las siguientes definiciones describen un padecimiento preexistente:","Que haya sido diagnosticado médicamente con anterioridad a la vigencia del contrato de seguro.","Que antes de iniciar el contrato de seguro se manifiesten signos y/o síntomas.","Que antes del inicio de la cobertura existieran muestras aparentes a la vista que no pudieron pasar desapercibidos.","Todas las anteriores","Todas las anteriores",""
274,"Accidentes y Enfermedades","¿Cuáles de las siguientes pérdidas orgánicas presentadas en la lista se cubren en la escala de indemnización “B” pero no en la escala de indemnización “A”?  1. El maxilar. 2. El dedo meñique. 3. Ambas orejas. 4. Una mano o un pie y la vista de un ojo. 5. Amputación parcial de un pie, comprendiendo todos los dedos.","3, 4, 5","2, 5","1, 5","1, 2, 3","2, 5",""
275,"Accidentes y Enfermedades","El seguro de salud ampara los siguientes riesgos, excepto:","Enfermedades","Aplicación de flúor","Vacunación","Check-up","Enfermedades",""
1030,"Accidentes y Enfermedades","¿Por qué motivo se puede modificar la prima del seguro de accidentes personales mientras se encuentre en vigor la póliza?","Por un cambio en su estado de salud.","Por un cambio de ocupación o actividad.","Por la estatura y el peso.","Por cualquier tipo de accidente.","Por un cambio de ocupación o actividad.",""
276,"Accidentes y Enfermedades","En la póliza de gastos médicos mayores, el lapso predeterminado e ininterrumpido que comienza a partir del primer año de vigencia y que debe transcurrir para cubrir algunos padecimientos se le denomina:","Periodo de beneficio.","Periodo al descubierto.","Periodo de espera.","Periodo de gracia.","Periodo de espera.",""
277,"Accidentes y Enfermedades","¿En qué momento se efectúa el siniestro?","Al momento que el asegurado presenta síntomas de alguna enfermedad.","Al momento que el asegurado acude a hacer uso de los servicios que contrató.","Al momento de iniciar el tratamiento médico.","Al momento que el prestador de servicio solicita el pago a la aseguradora.","Al momento que el prestador de servicio solicita el pago a la aseguradora.",""
278,"Accidentes y Enfermedades","En el ramo de salud, “prevenir”, implica llevar a cabo acciones que:","Fomenten la salud.","Eviten accidentes de trabajo.","Promueven actividades deportivas.","Mejoran el bienestar del asegurado.","Fomenten la salud.",""
279,"Accidentes y Enfermedades","De la siguiente lista, identifique las 3 formas en que puede terminar la obligación de la aseguradora en el seguro de salud:  1. Al certificarse la curación del padecimiento 2. Al año de haberse iniciado el padecimiento 3. A los dos años de agotado el deducible 4. Al agotarse la suma asegurada 5. Al terminar la vigencia del contrato 6. Por fallecimiento del asegurado","1, 4, 6","3, 4, 5","2, 3, 5","4, 1, 2","1, 4, 6",""
280,"Accidentes y Enfermedades","¿A partir de qué edad las compañías aplican recargos para una póliza de accidentes personales?","65 años","60 años","55 años","70 años","60 años",""
281,"Accidentes y Enfermedades","Relacione los siguientes conceptos del seguro de Gastos Médicos Mayores con sus características:  CONCEPTOS: 1. Deducible 2. Coaseguro  CARACTERÍSTICAS: a. Es aplicado una vez por cada enfermedad b. Es un porcentaje a cargo del asegurado c. Es una cantidad fija que cubre el asegurado d. Se aplica sobre el total de los gastos cubiertos del siniestro e. Sirve para disminuir el costo de la prima f. Se aplica sobre el total de los gastos cubiertos excedentes del deducible","1a, b, f; 2c, d, e","1a, c, e; 2b, d, f","1b, d, e; 2a, c, f","1a, c, d; 2b, e, f","1a, c, e; 2b, d, f",""
282,"Accidentes y Enfermedades","Son exclusiones del seguro de salud, excepto:","Radioterapia","Lentes de contacto","Gastos por mantenimiento de los aparatos de prótesis","Servicios médicos fuera del territorio nacional","Radioterapia",""
283,"Accidentes y Enfermedades","¿Cuál es la finalidad de los cuestionarios médicos?","Conocer la edad y el sexo del asegurado","Determinar el tipo de copago","Determinar el estado o condición física del individuo","Conocer los hábitos de la persona","Determinar el estado o condición física del individuo",""
284,"Accidentes y Enfermedades","Si al momento del accidente a un máximo de 90 días después, las lesiones producen cualquiera de las perdidas especificas en las escalas de indemnización “A” o “B”. ¿Qué sección entra en funcionamiento?","Invalidez total y permanente","Pérdidas orgánicas","Indemnización por incapacidad","Reembolso de gastos médicos","Pérdidas orgánicas",""
285,"Accidentes y Enfermedades","Cuando se pagan los gastos realizados en el extranjero por la atención médica de un accidente o una enfermedad amparada, nos referimos a la cobertura de:","Cobertura de salud en el extranjero","Cobertura de servicios médicos en el extranjero","Cobertura de emergencia en el extranjero","Cobertura en el extranjero","Cobertura en el extranjero",""
286,"Accidentes y Enfermedades","De las siguientes cláusulas del seguro de gastos médicos, elija 3 que “no” quedan cubiertas: 1. Transporte en ambulancia terrestre 2. Padecimientos preexistentes 3. Gastos como receptor en un transplante de órganos 4. Padecimientos que resulten del alcoholismo o toxicomanía 5. Gastos originados por consumo de oxigeno 6. Tratamientos encaminados a corregir trastornos de conducta y aprendizaje","1, 2, 5","1, 3, 4","2, 4, 6","3, 4, 5","2, 4, 6",""
287,"Accidentes y Enfermedades","Cuando el asegurado llegara a estar fuera del país y necesitara atención de emergencia debido a un accidente o enfermedad aguda ¿En que caso se pagarían los gastos?","Cuando haya contratado la cláusula de “emergencia en el extranjero”","Cuando haya contratado la cláusula de “cobertura en el extranjero”","Cuando haya contratado la cláusula de “servicios médicos en el extranjero”","Cuando haya contratado la cláusula de “cobertura de salud en el extranjero”","Cuando haya contratado la cláusula de “emergencia en el extranjero”",""
288,"Accidentes y Enfermedades","En una póliza de Gastos Médicos Mayores con suma asegurada sin límite, se presenta una reclamación donde el total de los gastos procedentes es de 50,000 ¿Cuánto será el total de gastos cuando cuenta con un deducible de $3,000 y el coaseguro del 10%:","$42,300","$42,000","$50,000","$45,000","$42,000",""
289,"Accidentes y Enfermedades","Distingue entre los siguientes riesgos excluidos, ¿cuál 'no' puede cubrirse bajo convenio expreso en la póliza de Accidentes Personales?","Limpiadores de ventanas","Constructores de torres de televisión","Pilotos, aeromozas","Piloto fumigador","Piloto fumigador",""
290,"Accidentes y Enfermedades","En la póliza de Accidentes Personales los siguientes gastos son reembolsables, EXCEPTO:","Gastos hospitalarios derivados de la atención de un accidente","Honorarios de médico familiar del asegurado, derivados de la atención de un accidente","Radiología derivados de la atención de un accidente","Gastos ambulancia derivados de la atención de un accidente","Honorarios de médico familiar del asegurado, derivados de la atención de un accidente",""
291,"Accidentes y Enfermedades","¿En la póliza de Accidentes Personales los siguientes gastos son reembolsables, EXCEPTO: Bajo qué concepto la Compañía otorga al beneficiario de la póliza de Accidentes Personales una indemnización?","Secciones I y II","Secciones I, II y III","Secciones II y IV","Secciones IV y V","Secciones I y II",""
292,"Accidentes y Enfermedades","¿El seguro de Gastos Médicos Mayores cubre las lesiones que sufra el asegurado al encontrarse bajo la influencia de estimulantes prescritos por un médico?","No","Si","Si bajo Convenio Expreso","Solo si es por accidente","Si",""
293,"Accidentes y Enfermedades","En el ramo de Salud se le llama prevenir, a las acciones que:","Mejoran el bienestar del asegurado","Fomenten la salud","Restauración de la salud","Para prevenir enfermedades","Para prevenir enfermedades",""
294,"Accidentes y Enfermedades","¿Cuál es el objetivo de los seguros de Salud?","Prestar servicios dirigidos a prevenir o restaurar la Salud","Prestar servicios dirigidos a Fomentar la salud","Prestar servicios dirigidos a Restaurar la salud","Prestar servicios dirigidos a Prevenir enfermedades","Prestar servicios dirigidos a prevenir o restaurar la Salud",""
,"Accidentes y Enfermedades","De la siguiente lista de palabras, cuáles son las 4 que forman parte de la definición de accidente amparado en el seguro de Accidentes Personales:  1.- Causa externa 2.- Violenta 3.- Causa interna 4.- Súbita 5.- Paulatina 6.- Eventualidad 7.- Fortuita","1, 2, 3, 4","1, 2, 4, 5","1, 2, 4, 7","1, 2, 3, 7","1, 2, 4, 7",""
296,"Accidentes y Enfermedades","De las siguientes partes del cuerpo descritas en la lista, elige 4 que se consideran indemnizables en un seguro de Accidentes Personales: 1. Manos 2. Ojos 3. Riñones 4. Pies 5. Pulmones 6. Dedos 7. Orejas","1, 2, 3, 4","1, 2, 4, 5","1, 2, 4, 6","1, 2, 3, 7","1, 2, 4, 6",""
297,"Accidentes y Enfermedades","COBERTURAS 1) Incapacidad total por accidente 2) Reembolso de gastos médicos  PERIODO DE BENEFICIOS a) 90 días b) 182 días c) 1460 días d) 365 días e) 730","1 a b 2 d e","1 b c 2 e","1 b c 2 d","1 a b 2 a e","1 b c 2 d",""
298,"Accidentes y Enfermedades","De la siguiente lista de enfermedades, padecimientos o deformidades distingue que cobran primas adicionales o restringen el otorgamiento de alguna cobertura en el seguro de Accidentes Personales 1. Diabetes 2. Epilepsia 3. Hernias, eventraciones 4. Deformidad en espalda 5. Embarazo Molar 6. Lunares o nevus","1, 2, 3","4, 5, 6","1, 2, 4","1, 3, 5","1, 2, 4",""
299,"Accidentes y Enfermedades","En el seguro de Accidentes Personales, clasifique los riesgos de acuerdo a si están cubiertos en forma básica o bajo convenio expreso:  CLASE DE RIESGO: 1. Cubiertos en forma básica 2. Cubiertos bajo convenio expreso  RIESGOS: a. Aborto b. Paracaidismo c. Envenenamiento d. Taxi aéreo e. Aeromozas, ingenieros de vuelo f. Manejo de la energía atómica","1 a, b, c; 2 d, e, f","1 a, c, e; 2 b, d, f","1 a, b, f; 2 b, d, e","1 d, e, f; 2 a, b, c","1 a, b, f; 2 b, d, e",""
300,"Accidentes y Enfermedades","¿Quién define los componentes del plan mínimo que ofrecen las Instituciones de Seguros Especializadas en Salud?","CNSF","CONAMED","Secretaria de Salud","SHCP","CNSF",""
301,"Accidentes y Enfermedades","En la póliza de Gastos Médicos Mayores, el lapso predeterminado e ininterrumpido que cuenta a partir del primer año de vigencia y que debe transcurrir para cubrir algunos padecimientos, se le denomina:","Preexistencia","Indisputabilidad","Antigüedad","Periodo de espera","Periodo de espera",""
302,"Accidentes y Enfermedades","En una póliza de Gastos Médicos Mayores con suma asegurada sin límite, se presenta una reclamación donde el total de los gastos procedentes es de 50,000 ¿Cuánto será el total de gastos cubiertos al descontarle el deducible de $3,000 y el coaseguro del 10%","$ 42,300","$ 42,000","$ 50,000","$ 45,000","$ 42,300",""
303,"Accidentes y Enfermedades","De la siguiente lista elija las 3 características que corresponden al deducible: 1. Es una cantidad fija establecida en la carátula de la póliza 2. Es un porcentaje establecido en la carátula de la póliza 3. Se aplica sobre cada reclamación y gastos complementarios. 4. Se aplica por única vez por evento.","1 2","2 3","1 4","1 3","1 4",""
,"Accidentes y Enfermedades","De la siguiente lista, distinga 5 tratamientos que en ningún caso son cubiertos en el Seguro de Gastos Médicos Mayores:  1.- Control de la natalidad 2.- Congénitos 3.- Obesidad 4.- Alcoholismo 5.- Psiquiátricos 6.- Lunares 7.- Reconstructivo 8.- Dentales","1 2 3 4 5","1 3 4 5 8","1 2 6 7 8","1 3 5 7 8","1 3 4 5 8",""
305,"Accidentes y Enfermedades","Cuando se analiza una reclamación de Gastos Médicos Mayores y se descubre que al momento de la celebración del contrato, la edad del asegurado estaba fuera de los límites de admisión, ¿Cómo procede la Compañía?","Se reduce la Protección hasta la prima pagada","Se Rescinde el Contrato","Se cobra la diferencia de la Prima","Se Rescinde el contrato se devuelve la prima no devengada menos gastos.","Se Rescinde el contrato se devuelve la prima no devengada menos gastos.",""
306,"Accidentes y Enfermedades","En el Seguro de Gastos Médicos Mayores, ¿cuándo se debe dar aviso a la aseguradora sobre el nacimiento de un hijo nacido durante la vigencia de la póliza para que éste sea asegurado?","Dentro de las 24 hrs.","En un plazo no mayor a 5 días","Dentro de los 30 de su nacimiento.","Tan pronto tenga conocimiento.","Dentro de los 30 de su nacimiento.",""
307,"Accidentes y Enfermedades","Si un asegurado realiza un pago por concepto de una enfermedad cubierta por el Seguro de Gastos Médicos Mayores con proveedores médicos que no pertenecen a la red de la compañía, la aseguradora:","Si se ajusta a la Red lo paga","Opera pago directo por ser procedente","Lo reembolsa","Lo rechaza","Lo reembolsa",""
308,"Accidentes y Enfermedades","Es el encargado de vigilar que los funcionarios y empleados de la ISES cumplan con la normatividad externa e interna en materia de prestación de servicios médicos que sea aplicable:","CNSF","SHCP","CONAMED","Secretaria de Salud","Secretaria de Salud",""
309,"Accidentes y Enfermedades","Son usuarios de la CONAMED los siguientes, EXCEPTO:","A los pacientes que recibieron una mala atención","A los médicos que son demandados ante la CONAMED","A los familiares de los pacientes que recibieron una mala atención","A las ISES por controversia en su contrato de Seguros","A las ISES por controversia en su contrato de Seguros",""
310,"Accidentes y Enfermedades","¿A partir de que edad se otorga atención médica en la especialidad de gineco-obstetricia?","0-14","3-18","14 en adelante","2-16","14 en adelante",""
311,"Accidentes y Enfermedades","Son derechos de las ISES, EXCEPTO:","Seleccionar los riesgos","Recibir la prima por parte del asegurado","Comunicar la actualización de los directorios médicos","Elegir el médico de cabecera","Elegir el médico de cabecera",""
1025,"Accidentes y Enfermedades","En el Seguro de Salud en qué casos procede el reembolso:","En estudios de laboratorio","En estado de urgencia Médica","En gastos fuera de la Red Médica","No aplica el reembolso","En estado de urgencia Médica",""
1026,"Accidentes y Enfermedades","Cuáles son los conceptos que NO se consideran para el cobro de la prima de accidentes personales:","Ocupación y deportes","Riesgos subnormales y estado de salud","Edad, estatura, peso y hábitos","Preexistencias y coberturas","Edad, estatura, peso y hábitos",""
1027,"Accidentes y Enfermedades","El asegurado de una Póliza de Salud tiene derecho EXCEPTO a:","Dar su consentimiento ante cualquier procedimiento","Acudir directamente ante un médico de segundo nivel","Derecho a negativa de tratamiento","Escoger médico de cabecera","Acudir directamente ante un médico de segundo nivel",""
1028,"Accidentes y Enfermedades","Cuándo se cancela la Póliza de Salud:","Al agotar el número de servicios durante el año","Al agotarse la suma asegurada","Se cancela automáticamente por falta de pago","Se cancela al terminar el período al descubierto","Se cancela automáticamente por falta de pago",""
312,"Accidentes y Enfermedades","Es una especialidad de primer nivel:","Dermatología","Odontología","Medicina interna","Homeopatía","Medicina interna",""
313,"Accidentes y Enfermedades","En el seguro de gastos médicos en caso de accidente, que ocurre con el deducible?","Se resta de la suma asegurada","Se elimina","No se aplica","Los primeros gastos serán a cargo del asegurado hasta el límite estipulado en la caratula de la póliza","Los primeros gastos serán a cargo del asegurado hasta el límite estipulado en la caratula de la póliza",""
314,"Accidentes y Enfermedades","El seguro de salud ampara los siguientes riesgos excepto:","Aplicación flúor","Vacunación","Check up","Enfermedades","Check up",""
315,"Accidentes y Enfermedades","Son gastos médicos que se cubren como consecuencia de accidente excepto:","Eventraciones","Hospitalización","Honorarios médicos","Intervención quirúrgica","Eventraciones",""
316,"Seguros de Daños","En un seguro obligatorio de RC Automóviles, la compañía una vez que indemniza a un tercero y descubre omisiones o inexactas declaraciones por parte del asegurado, ¿Qué acción puede ejercer la aseguradora contra este último?","Rescindir el contrato y rembolsar el pago hecho por parte del asegurado","Cancelar la póliza","Asumir la pérdida","Exigir el reembolso de lo pagado","Cancelar la póliza",""
317,"Seguros de Daños","De la siguiente lista, elija los cuatro riesgos que se pueden amparar bajo convenio expreso en la póliza de Automóviles:  1. Destinarlo a un uso o servicio diferente 2. Arrastrar remolques 3. Utilizarlo para fines de enseñanza 4. La responsabilidad civil por daños causados por la carga peligrosa 5. Los daños causados por la marea 6. Los daños causados en las partes bajas por transitar fuera de caminos 7. Desbielamiento","1, 2, 3, 4","3, 4, 5, 6","2, 3, 4, 5","4, 5, 6, 7","1, 2, 3, 4",""
318,"Seguros de Daños","De acuerdo al reglamento de tránsito del D. F., se clasifican en pesados aquellos vehículos que tienen un peso bruto mayor que:","3.5 toneladas","3450 Kg.","5 toneladas","3550 kg","3.5 toneladas",""
319,"Seguros de Daños","Indique que cobertura generalmente no tiene deducible, en la póliza de automóviles particulares:","Equipo especial","Responsabilidad civil","Adaptaciones y conversiones","Cristales","Responsabilidad civil",""
320,"Seguros de Daños","De la siguiente lista elija 4 riesgos que NO se cubren en la transportación del vehículo asegurado en la cobertura de daños materiales del Seguro de Automóviles:  1. Hundimiento 2. Incendio 3. Explosión 4. Vuelco 5. Colisión 6. Rotura de Cristales 7. Huracán 8. Terremoto 9. Huelgas","1, 3, 4, 5","3, 4, 5, 6","1, 2, 5, 7","6, 7, 8, 9","6, 7, 8, 9",""
321,"Seguros de Daños","Es una exclusión particular de la cobertura de Responsabilidad Civil Personas:","Agravación del riesgo asegurado","No se tenga licencia","Daños por la carga","Daños por acto intencional de la víctima","Daños por acto intencional de la víctima",""
322,"Seguros de Daños","En las coberturas de daños materiales y robo total del Seguro de Automóviles, la protección opera aún cuando los hechos que den lugar al siniestro constituyan el delito de abuso de confianza, EXCEPTO:","Cuando el abuso de confianza sea cometido en estacionamientos públicos","Cuando una autoridad judicial lo determine","Cuando el delito sea cometido por familiares del asegurado","Cuando el delito sea cometido por empleados","Cuando el delito sea cometido por familiares del asegurado",""
323,"Seguros de Daños","De las siguientes exclusiones, elija 3 que son aplicables a la cobertura de Responsabilidad Civil en el Seguro de Automóviles:  1. Bienes que sean propiedad de los dependientes del asegurado 2. Desgaste natural del vehículo 3. Acción normal de la marea 4. Bienes dentro del vehículo 5. Fianzas o cauciones a favor del conductor 6. Transitar fuera de caminos","1, 3, 6","2, 3, 6","2, 4, 5","1, 4, 5","1, 4, 5",""
324,"Seguros de Daños","¿En qué condiciones la existencia legal de la póliza de Automóviles no surte sus efectos?","Cuando se encuentre en tratamiento psicológico","Cuando se encuentre bajo los efectos de sustancias no prescritas por médicos","Cuando el siniestro sea por imprudencia","Cuando se encuentre en carretera federal","Cuando se encuentre bajo los efectos de sustancias no prescritas por médicos",""
325,"Seguros de Daños","Cuando se contrata la cobertura de Robo Total sin la de Daños Materiales del Seguro de Automóviles, ¿Qué daños materiales quedan amparados?","Rotura de cristales","Colisión, Vuelcos y Desbielamiento","Responsabilidad civil bienes","Riesgos meteorológicos, huelgas y transportación","Riesgos meteorológicos, huelgas y transportación",""
326,"Seguros de Daños","¿Qué cobertura, del Seguro de Automóviles, ampara los daños ocasionados por el vehículo asegurado a terceros en sus bienes y en sus personas?","Gastos médicos","Responsabilidad civil","Asesoría jurídica","Daños materiales","Responsabilidad civil",""
327,"Seguros de Daños","En el Seguro de Automóviles, indique en qué momento legal, la Aseguradora tendrá la obligación de iniciar la valuación de daños al vehículo siniestrado:","Cuando se encuentre libre de cualquier detención por las autoridades","En cuanto llegue el ajustador al lugar del siniestro","Cuando se defina quién de los involucrados ocasionó el accidente","En cuanto la unidad ingrese al taller mecánico","Cuando se encuentre libre de cualquier detención por las autoridades",""
328,"Seguros de Daños","En la cobertura de Gastos médicos a ocupantes del seguro de automóviles, quedan amparados los siguientes riesgos:","Hospitalización, atención médica, aromaterapias, servicios de ambulancia y gastos de entierro","Hospitalización, atención médica, enfermeras, servicios de ambulancia y tratamientos estéticos","Emergencias por embarazo cuando el conductor es de sexo femenino, hospitalización, atención médica y medicamentos","Hospitalización, atención médica, enfermeras, servicios de ambulancia y gastos de entierro","Hospitalización, atención médica, enfermeras, servicios de ambulancia y gastos de entierro",""
329,"Seguros de Daños","En el seguro de automóviles, indique cuándo la compañía no reconocerá el daño del vehículo siniestrado:","Cuando se repara en un taller no autorizado","Si es reparado por el asegurado antes de la valuación","Cuando el conductor no es el que aparece en la carátula de la póliza","Cuando se avisa a las autoridades","Si es reparado por el asegurado antes de la valuación",""
330,"Seguros de Daños","En el Seguro de Automóviles, cuando la Aseguradora ya cuenta con todos los documentos de la reclamación y no indemniza en el tiempo máximo estipulado, ¿A qué se hace acreedora?","A una multa de la Comisión Nacional de Seguros y Fianzas","Remate de sus bienes hasta cubrir el monto de la indemnización","Al pago de intereses moratorios","A una demanda civil","Al pago de intereses moratorios",""
331,"Seguros de Daños","¿Cuáles son las coberturas más comunes del Seguro de Cobertura limitada?","Responsabilidad Civil y gastos médicos ocupantes","Robo total, responsabilidad civil y gastos médicos ocupantes","Robo total y responsabilidad civil","Daños materiales y robo total","Robo total, responsabilidad civil y gastos médicos ocupantes",""
332,"Seguros de Daños","¿Cuáles son exclusiones que se pueden contratar mediante convenio expreso en el Seguro de Automóviles?","Daños sufridos por falta de precaución o pérdida","Vehículos en prueba de velocidad o resistencia y automóviles con fines de enseñanza","Carecer de licencia o permiso para conducir al momento de ocurrir el siniestro","Daños causados a las vías de comunicación por conducir bajo el influjo de medicamentos","Vehículos en prueba de velocidad o resistencia y automóviles con fines de enseñanza",""
333,"Seguros de Daños","¿En qué situación una Aseguradora no pagará un siniestro de robo total del vehículo, a pesar de tener contratada la cobertura?","Cuando no se toman las precauciones necesarias","Cuando el delito sea cometido por policías","Cuando el delito sea cometido por empleados del asegurado","Cuando el delito sea cometido por abuso de confianza de los familiares del asegurado","Cuando el delito sea cometido por abuso de confianza de los familiares del asegurado",""
334,"Seguros de Daños","En un Seguro anual de Automóviles, se tienen amparadas las coberturas de daños materiales, robo total, responsabilidad civil y gastos médicos de ocupantes. Al cuarto mes de vigencia, en una colisión se determina la pérdida total de la unidad. Indique qué ocurre con las primas de las coberturas no afectadas:","Se libera como utilidad al final del ejercicio","La devuelve a prorrata","La absorbe la aseguradora por ley","Se la queda el intermediario","La devuelve a prorrata",""
335,"Seguros de Daños","¿Cuál de los siguientes riesgos es una exclusión de la cobertura de daños materiales?","Destinar el automóvil a uso o servicio diferente al indicado en la póliza","Participar en carreras","Arrastrar remolques","Daños por robo parcial","Daños por robo parcial",""
336,"Seguros de Daños","De las siguientes opciones ¿Qué cobertura no esta amparada en la cláusula de territorialidad?","Daños materiales","Responsabilidad civil","Robo total","Adaptaciones y Conversiones","Responsabilidad civil",""
337,"Seguros de Daños","¿En que condiciones la asistencia legal de la póliza de automóviles no sufre sus efectos?","Cuando se encuentre en carretera federal","Cuando se encuentre en tratamiento psicológico","Cuando el siniestro sea por imprudencia","Cuando se encuentre bajo sustancias no prescritas por médicos","Cuando se encuentre bajo sustancias no prescritas por médicos",""
338,"Seguros de Daños","Relaciona la cobertura con los riesgos que cubre:  COBERTURA: 1. Responsabilidad civil (R.C) 2. Gastos médicos a ocupantes (G.M.O)  RIESGOS: a) Cubre daños materiales a terceros en sus bienes b) Daños corporales o la muerte a terceros c) Hospitalización d) Atención Medica e) Enfermedades","1 a,c: 2 b,d,e","1 a,b: 2 c,d,e","1 b,c: 2 a,d,e","1 c, d: 2 a, b e","1 a,b: 2 c,d,e",""
339,"Seguros de Daños","En la cobertura de responsabilidad civil por daños a ocupantes, en adición y hasta por una cantidad igual al límite máximo amparado por esta cobertura se cubren:","Fianzas y caución para obtener libertad","Sanciones y multas administrativas","Costos y fianzas de carácter penal","Gastos y cuotas de juicios civiles","Fianzas y caución para obtener libertad",""
340,"Seguros de Daños","Indique que debe hacer la aseguradora en la póliza de automóviles, con la prima no devengada, si el siniestro es perdida total por un evento no asegurado:","La absorbe por ley","La devuelve a prorrata","La considera deducible","La mantiene con primas en depósito","La devuelve a prorrata",""
341,"Seguros de Daños","¿Qué sucede si el asegurado ocasiono el siniestro y no tiene licencia de conducir?","Se reduce el monto de la indemnización","Se cancela la póliza","Se rechaza el siniestro","Se cobra una extraprima","Se rechaza el siniestro",""
342,"Seguros de Daños","Si la aseguradora ya recibió toda la documentación para fundamentar la reclamación de un siniestro de autos. ¿Cuántos días tiene para indemnizar?","15 días","60 días","30 días","45 días","30 días",""
343,"Seguros de Daños","Una persona de 61 años de edad residente en México contrata un seguro de auto, ¿Qué documento personal deberá tener para que pueda circular:","Credencial del INSEN","Permiso de conducir","Tarjeta de Circulación","Licencia de conducir","Tarjeta de Circulación",""
344,"Seguros de Daños","En el seguro de automóviles ampara los daños que cause o sufra el vehículo, EXEPTO cuando la licencia:","Se encuentre vencida","Sea inadecuada del vehículo siniestrado","Sea permiso para conducir","Sea de tipo “A”","Sea inadecuada del vehículo siniestrado",""
345,"Seguros de Daños","Son exclusiones relativas en RC carga.","Daños causados por la carga cuando el vehículo se encuentra en transito","Daños causados por la carga cuando ésta sea altamente peligrosa o peligrosa","Daños en personas ocupantes del vehículo","Daños causados por la carga cuando el vehículo transportador se encuentra estacionado","Daños causados por la carga cuando ésta sea altamente peligrosa o peligrosa",""
346,"Seguros de Daños","En un siniestro se afectaron las siguientes coberturas: Daños materiales (D.M.) por $35,000 Rotura de cristales por $1,200 Con deducible del 10% en D.M. y 20% en Cristales, el ajustador declara un sólo evento ¿Cuánto pagaría la aseguradora?",",460",",500",",000",",000",",500",""
347,"Seguros de Daños","De la siguiente lista, elija los 3 riesgos que NO están amparados en la cobertura de Daños Materiales: 1. Motines 2. El perjuicio por la privación del uso del vehículo por daños cubiertos 3. Rotura de cristales 4. Desgaste del vehículo 5. Transportación 6. Fallas mecánicas 7. Derrumbe piedras o construcciones.","1, 2, 3","2, 3, 4","5, 6, 7","2, 4, 6","2, 4, 6",""
348,"Seguros de Daños","De la siguiente lista ¿qué cobertura es la excepción en la extensión territorial de la póliza de Automóviles?","Daños Materiales","Robo Total","Responsabilidad Civil","Asistencia en Viajes","Responsabilidad Civil",""
349,"Seguros de Daños","En el seguro de Automóviles, las coberturas se excluyen a cubrir los daños en Estados Unidos y Canadá, a EXCEPCIÓN DE:","Daños a terceros en bienes","Daños a terceros en personas","Daños Materiales","Daños a vías generales de Comunicación","Daños Materiales",""
350,"Seguros de Daños","En el seguro de Automóviles, ¿son indemnizables los daños materiales que sufra un vehículo y que hayan sido ocasionados por su propia carga?","Si la carga esta asegurada","Si bajo convenio expreso","Solo carga tipo A","No","No",""
351,"Seguros de Daños","En la cobertura de Responsabilidad Civil por Daños a terceros del seguro de Automóviles, en adición y hasta por una cantidad igual al límite máximo amparado por esta cobertura se cubren:","Fianzas y Cauciones","Multas de transito","Los daños a terceros en bienes y personas acompañantes","Bienes dejados en el interior","Fianzas y Cauciones",""
352,"Seguros de Daños","En relación al paquete amplio del seguro de Automóviles, ¿cuál cobertura queda excluida en el paquete limitado?","Adaptaciones y Conversiones","Gastos Médicos a Ocupantes","Robo Parcial","Daños Materiales","Daños Materiales",""
353,"Seguros de Daños","Dentro del seguro de Automóviles, indique, de acuerdo al Reglamento de tránsito del DF., ¿cuáles son los tipos de vehículos que considera?","Públicos y particulares","Automóviles y camiones","Residentes y turistas","Pesados y ligeros","Pesados y ligeros",""
354,"Seguros de Daños","Indica cómo se denominan los permisos para conducir, en la póliza de Automóviles.","Como un documento valido","Como un documento valido siempre que se acompañe de carta responsiva","Como un documento no valido, solo la licencia vigente","Como un documento no valido, solo la licencia aunque este vencida","Como un documento valido",""
355,"Seguros de Daños","De la siguiente lista identifica las son coberturas del seguro de Automóviles a las que se aplica el ajuste automático de sumas aseguradas Excepto:","Daños materiales","Robo total","Equipo especial","Responsabilidad Civil","Equipo especial",""
356,"Seguros de Daños","¿Cuáles son exclusiones que se pueden contratar mediante convenio expreso en el seguro de Automóviles?","Inundación y Terremoto","Carecer de Licencia Vigente","Escuela de manejo","Transitar por caminos intransitables","Escuela de manejo",""
357,"Seguros de Daños","De las coberturas del seguro de Automóviles que se enlistan, identifique en cuáles se aplica invariablemente un deducible en caso de siniestro: 1. Daños materiales 2. Robo total 3. Responsabilidad civil 4. Gastos médicos ocupantes 5. Equipo especial 6. Defensa Legal 7. Equipo Especial 8. Accidentes Automovilísticos al conductor","1 2 3 4","1 2 5 7","1 2 4 8","1 2 6 7","1 2 5 7",""
358,"Seguros de Daños","De las coberturas del seguro de Automóviles que se enlistan, identifique en cuáles se aplica invariablemente un deducible en caso de siniestro Excepto:","Daños materiales","Robo total","Responsabilidad civil","Equipo especial","Responsabilidad civil",""
359,"Seguros de Daños","De la siguiente lista, elige 2 situaciones donde el asegurado tiene derecho a que se le devuelvan primas no devengadas: 1. Cuando se considera terminado el contrato anticipadamente 2. Cuando no haya lesiones en los ocupantes 3. Cuando el conductor sea declarado legalmente responsable 4. Cuando un riesgo no esta cubierto 5. Cuando sufre el auto asegurado una perdida total","1 2","3 4","1 5","2 4","1 5",""
360,"Seguros de Daños","Indica qué debe hacer la Aseguradora en una póliza de Automóviles, con la prima no devengada, si el siniestro es pérdida total por un evento no asegurado.","La absorbe por ley","La devuelve a prorrata","La considera deducible","La mantiene con primas en depósito","La devuelve a prorrata",""
361,"Seguros de Daños","En el seguro de Automóviles, cuando la Aseguradora ya cuenta con todos los documentos de la reclamación y no indemniza en el tiempo máximo estipulado, ¿a qué se hace acreedora?","A una Sanción de la SHCP","A una Sanción de la CONDUSEF","A pagar intereses Moratorios","A una Sanción de la AMIS","A pagar intereses Moratorios",""
362,"Seguros de Daños","Si el asegurado ocasionó el siniestro y no tiene licencia de conducir, esto puede ser motivo de:","Reducción del monto de la indemnización","Rechazo de siniestro","Recibir una amonestación por única vez por parte de la compañía","Aceptar el Siniestro","Rechazo de siniestro",""
363,"Seguros de Daños","El señor Pérez le regaló a su hija de 16 años un automóvil, ¿Qué documento deberán tramitar para que el Seguro de Automóviles pague los daños en caso de siniestro?","Licencia","Carta responsiva","Extensión de la RC","Permiso para conducir","Permiso para conducir",""
364,"Seguros de Daños","En caso de que ocurra un siniestro en un automóvil conducido por una persona menor de 18 años de edad y no tenga licencia: ¿Qué documento pediría la Aseguradora?","Licencia","Carta responsiva","Extensión de la RC","Permiso para conducir","Permiso para conducir",""
365,"Seguros de Daños","En caso de siniestro con la póliza vigente, ¿Cuándo el conductor del vehículo asegurado se encuentra bajo los efectos de fármacos prescritos por un médico, la compañía aseguradora paga el siniestro?","Depende del fármaco","Si","Si Bajo Convenio Expreso","Si pero solo aplica en autos particulares","Si",""
366,"Seguros de Daños","¿En dónde nace la obligatoriedad de contar con un seguro de R.C. para el uso de un automóvil?","Nota Técnica AMIS","En el Reglamento de transito","El la cama de Diputados","En el Código Civil","En el Reglamento de transito",""
367,"Seguros de Daños","En el Seguro de Automóviles, las siguientes coberturas se reinstalan automáticamente cuando hayan sido reducidas por el pago de cualquier indemnización, a EXCEPCIÓN de 3: 1. Daños materiales 2. Robo total 3. Equipo especial 4. Adaptación y conversiones 5. Responsabilidad civil 6. Accidentes Automovilísticos al Conductor","1 2 3","3 4 6","2 3 4","3 4 5","3 4 6",""
368,"Seguros de Daños","De la siguiente lista, elija los 4 riesgos que NO están amparados en la cobertura de Daños Materiales: 1. Motines 2. Privación del uso del vehículo por daños 3. Rotura de cristales 4. Desgaste del vehículo 5. Transportación 6. Fallas mecánicas 7. Derrumbe de Construcciones 8. Daños Materiales que sufra el vehículo al encontrase en un Estacionamiento Publico. 9. Defensa Legal","1 4 7 8","2 4 6 8","2 4 6 9","1 3 5 9","2 4 6 9",""
369,"Seguros de Daños","¿Cuál es el beneficio del envío de grúa al lugar dónde se encuentre el vehículo y traslado a un taller mecánico?","Asistencia en viajes","Daños Transportación","Asistencia Legal","Limitado a 30 DSMGVF","Asistencia en viajes",""
370,"Seguros de Daños","Son servicios de asistencia en viajes, EXCEPTO:","Asistencia en viajes","Daños por Transportación","Asistencia mecánica en viajes","Hospedaje por algún accidente","Daños por Transportación",""
371,"Seguros de Daños","Es una exclusión particular de la cobertura de Responsabilidad Civil Bienes:","Daños por la carga cuando el vehículo se encuentre estacionado","Daños de autos usados con fines de enseñanza","Daños por acto intencional de la víctima","Agravación del riesgo asegurado","Daños por acto intencional de la víctima",""
372,"Seguros de Daños","¿Bajo que circunstancia los daños materiales ocasionados a un autobús no están amparados por la póliza?","Conducir en sentido contrario","Que el estado de ebriedad del conductor","Licencia Vencida","Conducir a exceso de velocidad","Que el estado de ebriedad del conductor",""
373,"Seguros de Daños","En un siniestro un camión impacta a un vehículo asegurado este a su vez colisionó a un auto, el oficial de tránsito determina responsable al chofer del camión. ¿Quién es responsable civilmente?","El chofer del camión es civilmente responsable de los daños del auto asegurado solamente","El chofer del auto asegurado es civilmente responsable de los daños del auto que impactó","La opción uno y dos son correctas","El chofer del camión es civilmente responsable de los daños de todos los autos dañados","El chofer del camión es civilmente responsable de los daños de todos los autos dañados",""
1029,"Seguros de Daños","Indique en qué cobertura del Seguro de Automóviles normal, está amparada la depreciación que sufre el valor del automóvil:","Daños Materiales y Robo Total","Valor Comercial del Vehículo","En ninguna Cobertura","En Responsabilidad Civil","En ninguna Cobertura",""
374,"Seguros de Daños","El robo total, cuando no se contratan daños materiales ¿que daños del vehículo asegurado quedan cubiertos?","Colisión, vuelco, alud","Rotura de cristales, explosión, caída de árboles","Colisión, vuelcos, caída de puentes","Huracán, huelgas, caída de piedras, inundación","Huracán, huelgas, caída de piedras, inundación",""
375,"Seguros de Daños","En gastos médicos a ocupantes se cubre el pago de:","Hospitalización y defensa legal","Hospitalización y perjuicio","Hospitalización e incapacidades","Hospitalización y gastos de entierro","Hospitalización y gastos de entierro",""
376,"Seguros de Daños","Accidentes automovilísticos al conductor ampara:","Al dueño del vehículo, aunque no lo maneje","Al conductor del vehículo asegurado","Al copiloto del vehículo asegurado","Al conductor y al copiloto del vehículo asegurado","Al conductor del vehículo asegurado",""
377,"Seguros de Daños","¿Qué documentos deberá presentar el asegurado junto con la solicitud de reclamo, para que sea indemnizado en caso de que le sean robadas pieles y/o joyas de su casa?","Avalúos y acta jurídica","Factura y fotos o video","Facturas y avalúos","Factura, fotos o video y acta del Ministerio Público","Factura, fotos o video y acta del Ministerio Público",""
378,"Seguros de Daños","De la siguiente lista, identifique 3 bienes que deban enumerarse en forma unitaria para poder quedar cubiertos en el Seguro de Robo con Violencia en casa habitación;  1. Joyas 2. Ropa 3. Armas 4. Muebles 5. Pieles","1, 3, 5","1, 3, 4","2, 3, 5","1, 2, 4","1, 3, 5",""
379,"Seguros de Daños","Un asegurado tiene en su casa un consultorio médico y es asaltado en el mismo, perdiendo su equipo médico. ¿Este siniestro se encuentra cubierto por la póliza Múltiple Casa Habitación?","No, a menos que contrate una cobertura adicional","No","Si, en caso de que halla declarado los bienes que tenía","Si","No",""
380,"Seguros de Daños","¿Cuál debe ser la suma asegurada de cada vivienda, para que se aplique el descuento denominado núcleos habitacionales?","Igual o menor a 30 veces el salario mínimo anual vigente en el Distrito Federal","Igual o menor a 10 veces el salario mínimo anual vigente en el Distrito Federal","Igual o menor a 15 veces el salario mínimo anual vigente en el Distrito Federal","Igual o menor a 25 veces el salario mínimo anual vigente en el Distrito Federal","Igual o menor a 15 veces el salario mínimo anual vigente en el Distrito Federal",""
381,"Seguros de Daños","Una persona contrata una póliza paquete para su casa, entre los contenidos tiene un dibujo de José Luis Cuevas, ¿A qué valor debe asegurar el valor en la sección de robo?","Valor comercial","Valor convenido","Valor real","Valor de reposición","Valor convenido",""
382,"Seguros de Daños","Si un asegurado tiene en su casa un consultorio médico y es asaltado en el consultorio, perdiendo su equipo médico, ¿se encuentra cubierto por la póliza Múltiple Empresarial?","Si","No","Si, en caso de que halla declarado los bienes que tenía","No, a menos que contrate una cobertura adicional","Si",""
383,"Seguros de Daños","Si el asegurado llegara a causar daños a terceros derivado de las actividades privadas y familiares como propietario de casa habitación, la póliza de responsabilidad civil cubriría lo siguiente, EXCEPTO:","La tenencia o uso de armas, de aire o de fuego, para cacería, cuando esté legalmente autorizado","El uso de bicicletas, patines, embarcaciones de pedal o remo y vehículos no motorizados","Daños ocasionados por la práctica de deportes en forma profesional","Como propietario de animales domésticos, de caza y guardianes","Daños ocasionados por la práctica de deportes en forma profesional",""
384,"Seguros de Daños","De la siguiente lista, escoge los 3 bienes que deben asegurarse en el inciso tres de la sección de robo con violencia en domicilio:  1. Joyas 2. Artículos deportivos 3. Cámaras de video 4. Artículos de oro 5. Pianos 6. Relojes","2, 4, 6","2, 3, 5","1, 4, 6","1, 3, 5","1, 4, 6",""
385,"Seguros de Daños","Relacione las siguientes coberturas con sus deducibles correspondientes:  COBERTURA: 1. Huracán y granizo 2. Inundación 3. Terremoto y/o erupción volcánica  DEDUCIBLE: a. 1% sobre la suma asegurada con un máximo de 500 días salario mínimo general vigente en el Distrito Federal b. 1% sobre el valor del deducible contratado c. Coaseguro y deducible según la zona geográfica de ubicación del predio d. 2% sobre el valor total de los bienes asegurados","1b, 2a, 3d","1c, 2d, 3a","1d, 2b, 3c","1a, 2c, 3b","1d, 2b, 3c",""
386,"Seguros de Daños","En el Seguro de Responsabilidad Civil Familiar, se cubren la responsabilidad civil de las siguientes personas, EXCEPTO:","Cónyuge","Personal doméstico","Padres del asegurado","Hijos menores","Padres del asegurado",""
387,"Seguros de Daños","De la siguiente lista, identifique 3 exclusiones definitivas de la póliza de Responsabilidad Civil Familiar:  1. Daños sufridos por el cónyuge 2. Siniestros ocurridos fuera de la República Mexicana 3. Daños causados con motivos de actividades comerciales o profesionales 4. Daños causados por animales domésticos 5. Daños a bienes bajo custodia o control del asegurado 6. Daños causados por vehículos terrestres a motor propiedad del asegurado","2, 3, 4","1, 4, 5","1, 3, 6","2, 5, 6","1, 4, 5",""
388,"Seguros de Daños","La póliza Múltiple Casa Habitación está estructurada por secciones, cada una conteniendo un tipo de seguro, ¿Cuál de los siguientes seguros no es una sección en dicha póliza?","Robo","Rotura de cristales","Equipo electrónico","Incendio de contenidos","Equipo electrónico",""
389,"Seguros de Daños","En la sección de Accidentes Personales, ¿Qué conceptos se deducen de la indemnización en la cobertura de muerte accidental, si se muere antes de 90 días posteriores al accidente y derivada del mismo?","Las cantidades pagadas con anterioridad al asegurado, por prestaciones cubiertas en escala de indemnizaciones, cuando hayan sido producidas por el mismo accidente, después de 180 días","Las cantidades pagadas a los beneficiarios a través de la cláusula de últimos gastos","Las cantidades pagadas con anterioridad al asegurado, por prestaciones cubiertas en escala de indemnizaciones, cuando hayan sido producidas por el mismo accidente","Las cantidades pagadas a los beneficiarios por otros beneficios adicionales","Las cantidades pagadas con anterioridad al asegurado, por prestaciones cubiertas en escala de indemnizaciones, cuando hayan sido producidas por el mismo accidente",""
390,"Seguros de Daños","¿Cuántas casas debe integrar como mínimo el núcleo habitacional, para que se aplique el descuento denominado núcleos habitacionales?","50 casas o departamentos","10 casas o departamentos","100 casas o departamentos","40 casas o departamentos","40 casas o departamentos",""
391,"Seguros de Daños","¿Cómo se llama al valor que se indemniza, sin considerar la depreciación física por uso?","Reposición","Real","Avalúo","Convenido","Reposición",""
392,"Seguros de Daños","¿Qué elementos son fundamentales para considerar que se efectúo un asalto en el Seguro de Robo en Domicilio?","Acto doloso de dependientes o familiares","Daño físico o moral a las personas fuera del inmueble","Violencia física o moral a las personas dentro del inmueble","Violencia visible del interior al exterior del inmueble","Violencia física o moral a las personas dentro del inmueble",""
393,"Seguros de Daños","De la siguiente lista, elija 3 partes del edificio que se aseguran en la sección de incendio:  1. Cimientos 2. Plafones 3. Alfombras 4. Terreno 5. Tapetes 6. Bardas","1, 3, 5","1, 4, 5","2, 3, 6","2, 4, 6","2, 3, 6",""
394,"Seguros de Daños","En el caso de Robo con Violencia, la participación del asegurado puede reducirse al 50% si se demuestra:","Fehacientemente la existencia de los bienes asegurados con facturas o avalúos, y que éstos se encuentren resguardados","Que el inmueble descrito cuenta con alarma contra robo, y siempre que los colindantes se encuentren fincados","Que los bienes asegurados cuentan con factura, avalúo y que el seguro existente opera a primer riesgo","Que el inmueble cuenta con alarma contra robo, y se demuestra la existencia de las facturas o avalúos de dichos bienes asegurados","Que el inmueble cuenta con alarma contra robo, y se demuestra la existencia de las facturas o avalúos de dichos bienes asegurados",""
395,"Seguros de Daños","De la lista siguiente, identifique 3 riesgos que incluye la cobertura denominada Extensión de Cobertura:  1. Vehículos 2. Actos vandálicos 3. Erupción volcánica 4. Derrame accidental de agua 5. Marejada 6. Nevada o helada","2, 3, 6","4, 5, 6","1, 3, 5","1, 2, 4","1, 2, 4",""
396,"Seguros de Daños","Del listado siguiente, elija las 4 coberturas adicionales de incendio dentro de la póliza de paquete familiar:  1. Granizo, ciclón y huracán 2. Combustión espontánea 3. Terremoto y erupción volcánica 4. Huelgas y alborotos populares 5. Humo y hollín 6. Robo de contenidos","1, 2, 4, 6","1, 3, 4, 6","2, 3, 4, 5","2, 3, 5, 6","1, 3, 4, 6",""
397,"Seguros de Daños","En los seguros de daños, la forma en que se indemniza un siniestro, considerando la relación entre suma asegurada y valor real de los bienes es:","Seguros a todo riesgo","Seguro a primer riesgo","Seguro proporcional","Seguro de riesgos nombrados","Seguro proporcional",""
398,"Seguros de Daños","¿Cuáles de los riesgos siguientes se aseguran en forma básica en la cobertura de Terremoto y/o erupción volcánica?  1. Sismo 2. Acoplamiento del suelo 3. Vibraciones del suelo 4. Emanación de ceniza volcánica 5. Derrame de lava volcánica 6. Maremoto","2, 3, 6","1, 4, 5","2, 5, 6","1, 3, 4","1, 4, 5",""
399,"Seguros de Daños","¿En qué caso son asegurables las obras de arte en una póliza paquete de casa habitación?","Al presentar relación de facturas y fotos","Con previo avalúo y convenio expreso","En ningún caso","Incluidas como parte de todos los contenidos","Con previo avalúo y convenio expreso",""
400,"Seguros de Daños","En la sección de Responsabilidad Civil de la póliza Múltiple Casa Habitación, ¿Cuál de los siguientes riesgos está cubierto?","La mordedura por el perro del asegurado, hacia un tercero","Las lesiones del hijo del asegurado dentro de la casa","Las lesiones que sufra la sirvienta","Las lesiones de la esposa del asegurado ocasionado por algún artefacto de la casa","La mordedura por el perro del asegurado, hacia un tercero",""
401,"Seguros de Daños","En la póliza de cristales, ¿Qué plazo máximo tiene el asegurado para entregar los documentos, datos e informes que la aseguradora le solicita en caso de siniestro?","20 días","10 días","15 días","30 días","15 días",""
402,"Seguros de Daños","¿Qué riesgo se ampara dentro de la cobertura de Inundación de las secciones de Edificios y Contenidos?","Acción normal de la marea","Desbordamiento de ríos","Lluvia","Inexistencia de drenaje","Desbordamiento de ríos",""
403,"Seguros de Daños","¿Qué bienes están excluidos en la cobertura de Robo de Casa Habitación?","Dinero en efectivo","Ropa de uso personal","Pertenencias en patios y azoteas","Pieles","Pertenencias en patios y azoteas",""
404,"Seguros de Daños","En la sección de responsabilidad civil de la póliza Múltiple Casa Habitación, si un empleado doméstico dañara por accidente la propiedad de un vecino ¿Estaría cubierto?","Si","Solo si el daño es a la persona","No","Solo si el daño es mayor a 150 DSMGVDF","Si",""
405,"Seguros de Daños","Del listado siguiente, identifique 3 riesgos cubiertos en la cobertura básica de Responsabilidad Civil Familiar:  1. Daños ocasionados a partir de un derrame de agua accidental 2. Daños ocasionados por asentamiento del suelo 3. Como propietario de animales domésticos 4. Por la práctica de deporte como aficionado 5. Daños ocasionados dolosamente por el asegurado 6. Daños ocasionados por embarcaciones propiedad del asegurado","2, 3, 5","4, 5, 6","1, 3, 4","1, 2, 6","1, 3, 4",""
406,"Seguros de Daños","¿Cuánto tiempo tiene el asegurado para reclamar la indemnización de un siniestro procedente?","30 días a partir del conocimiento del siniestro","720 días a partir del conocimiento del siniestro","180 días a partir del conocimiento del siniestro","90 días a partir del conocimiento del siniestro","720 días a partir del conocimiento del siniestro",""
407,"Seguros de Daños","Una persona contrata una póliza paquete para su casa, entre los contenidos tiene un dibujo de José Luis Cuevas, ¿A qué valor debe asegurar el valor en la sección de robo?","Valor comercial","Valor convenido","Valor real","Valor de reposición","Valor convenido",""
408,"Seguros de Daños","¿Cómo se llama al valor que se indemniza, sin considerar la depreciación física por uso?","Reposición","Real","Avalúo","Convenido","Real",""
409,"Seguros de Daños","En póliza Múltiple de Casa Habitación, cuando sucede el siniestro y la Suma Asegurada es Inferior al valor real del objeto asegurado, el daño debe ser liquidado a:","Valor comercial","Valor convenido","Valor real","Valor de reposición","Valor de reposición",""
410,"Seguros de Daños","De la siguiente lista, elige las partes del edificio que se aseguran en la sección de Incendio: 1. Cimientos 2. Plafones 3. Alfombras 4. Terreno 5. Tanques de gas 30 kg. 6. Tapetes 7. Bardas.","1, 2, 3","2, 3, 7","1, 2, 6","2, 3, 6","2, 3, 7",""
411,"Seguros de Daños","De la siguiente lista elige los 3 gastos que ampara la sección de Gastos Extraordinarios para Casa Habitación de la póliza Múltiple de Casa Habitación: 1. Renta de departamento 2. Perjuicios en general 3. Gastos de mudanza 4. Transporte de menaje 5. Renta bodega. 6 Seguro de Transporte. 7 Transporte escolar de los menores.","1, 2, 3","2, 4, 6","1, 3, 4","2, 4, 6","1, 3, 4",""
412,"Seguros de Daños","La falta oportuna del aviso de Siniestro podrá dar lugar a que la indemnización sea:","Rechazada","Reducida","A prorrata","A Valor Real","Reducida",""
413,"Seguros de Daños","Las costas de Juicio y Fianzas en la RC privada o Familiar se cubren al:","El pago, estará cubierto en forma adicional, pero sin exceder de una suma igual al 25% del límite de responsabilidad asegurado en esta sección.","El pago, estará cubierto como LUC, pero sin exceder límite de responsabilidad asegurado en esta sección.","El pago, estará cubierto en forma adicional, pero sin exceder de una suma igual al 50% del límite de responsabilidad asegurado en esta sección.","El pago, estará cubierto en forma adicional, pero sin exceder de una suma igual al 20% del límite de responsabilidad asegurado en esta sección.","El pago, estará cubierto en forma adicional, pero sin exceder de una suma igual al 50% del límite de responsabilidad asegurado en esta sección.",""
414,"Seguros de Daños","Dentro de una póliza Múltiple de Casa Habitación en la sección de Cristales, en caso de Reclamación que amerite indemnización, esta será pagada bajo el concepto de:","Valor Real","Valor de Reposición","Proporción Indemnizable o Primer Riesgo.","Precio de Venta","Proporción Indemnizable o Primer Riesgo.",""
415,"Seguros de Daños","De la siguiente lista, elige los 4 bienes que se pueden asegurar por convenio expreso en la Sección de Incendio de la póliza Múltiple de Casa Habitación:  1. Edificio 2. Obras de arte con valor mayor a 300 días del SMGVDF 3. Mobiliario 4. Piedras preciosas","1, 2","3, 4","5, 6","2, 4","2, 4",""
416,"Seguros de Daños","¿Cuáles de los siguientes bienes se aseguran Bajo Convenio en la cobertura de terremoto y/o erupción volcánica en una póliza Múltiple de Casa Habitación?","Sismo","Maremoto","Emanación de Ceniza","Albercas","Albercas",""
1004,"Seguros de Daños","En los seguros de Daños, la forma en que se indemniza un siniestro, considerando la relación entre suma asegurada y valor real de los bienes, da origen a dos sistemas de aseguramiento, ¿cuáles son?","Proporcional y Precio nuevo o iguales","Proporcional y Precio neto de Venta","Precio neto de Venta o Valor convenido","Proporcional y Primer Riesgo","Proporcional y Primer Riesgo",""
417,"Seguros de Daños","Del siguiente listado, elige los 2 conceptos que conforman el seguro de valor convenido en los seguros de Daños:  1.- Asignación de un valor al interés asegurado de mutuo acuerdo entre la aseguradora y el asegurado 2.- Aplica la Proporción Indemnizable 3.- Se elimina la proporción indemnizable 4.- Aplica la depreciación por tiempo y uso 5.- No aplica la depreciación","1, 2","3, 5","1, 3","3, 4","3, 5",""
1005,"Seguros de Daños","Dentro de la póliza Múltiple de Casa Habitación si se asegura una casa en un edificio que tiene hasta 5 niveles de altura, ¿qué coberturas incluye la cuota básica aplicada en las secciones de Incendio edificio y Contenidos de acuerdo a la fracción IV de la Tarifa de Incendio?","Incendio, rayo y explosión","Incendio y/o Rayo","Incendio y/o rayo y extensión de cubierta","Incendio, TEV e Inundación","Incendio y/o rayo y extensión de cubierta",""
418,"Seguros de Daños","En la póliza Múltiple de Casa Habitación, ¿en qué secciones se aplica la proporción indemnizable?  1.- Edificio 2.- Contenidos 3.- RC Familiar 4.- Accidentes personales","1, 4","2, 3","2, 4","1, 2","1, 2",""
419,"Seguros de Daños","¿En qué forma de aseguramiento dentro de la operación de Daños, la Aseguradora renuncia a aplicar la regla proporcional, y se obliga a pagar en caso de siniestro el importe total de los daños, hasta donde alcance el capital garantizado?","Riesgos Nombrados","Primer Riesgo","Todo Riesgo","Proporcional","Primer Riesgo",""
1006,"Seguros de Daños","De la lista siguiente, identifique los bienes que integran los contenidos asegurables de casa habitación en el ramo de incendio:  1. Sala 2. Alfombra 3. Libros 4. Computadora 5. Equipo dental 6. Comedor 7. Mercancías 8. Dinero","1, 2, 3, 5","3, 4, 5, 6","1, 3, 4, 8","1, 2, 4, 6","1, 2, 4, 6",""
1007,"Seguros de Daños","Los títulos de crédito, cheques, letras y pagarés que se amparan en la sección de robo, ¿Qué requisito deben cumplir para asegurarse?","Hasta el equivalente de 150 días de SMGVDF","Hasta el equivalente de 300 días de SMGVDF","Depositados en Caja de Seguridad","No están cubiertos","Depositados en Caja de Seguridad",""
1008,"Seguros de Daños","En la sección de responsabilidad civil de la póliza Múltiple Casa Habitación, si un empleado doméstico dañara por accidente la propiedad de un vecino ¿Estaría cubierto en?","Accidentes Personales","RC arrendatario","RC Privada o Familiar","No está cubierto","RC Privada o Familiar",""
1009,"Seguros de Daños","En la cobertura de Pérdidas Orgánicas, cuando son varias las pérdidas ocurridas durante la vigencia de la póliza en uno o varios accidentes, ¿Cuál es el procedimiento para pagar la(s) indemnización(es)?","Se pagan los porcentajes de la tabla de pérdidas A o B, hasta el límite de la SA","Se cancela por alta siniestralidad regresando la prima no devengada","Se reduce la SA original y se cobra prima adicional","Se paga el 100% de la SA en cada accidente sin límite acumulado","Se pagan los porcentajes de la tabla de pérdidas A o B, hasta el límite de la SA",""
420,"Seguros de Daños","Ampara los daños por robo con violencia, Cristales.","Ramo de R.C.","Ramo de Diversos","Ramo de Marítimo y Transportes","Grandes Riesgos","Ramo de Diversos",""
421,"Seguros de Daños","Cubre riesgos ordinarios de transito","Ramo de RC.","Ramo de diversos","Ramo de Marítimo y Transportes","Grandes riesgos","Ramo de Marítimo y Transportes",""
422,"Seguros de Daños","Daños materiales, robo total, responsabilidad civil son riesgos cubiertos en el ramo de:","Diversos","Incendio","Automóviles","Marítimo y transportes","Automóviles",""
423,"Seguros de Daños","El edificio y sus aditamentos fijos es un bien cubierto en el ramo de:","Agrícola y animales","Automóviles","Incendio","Responsabilidad Civil","Incendio",""
424,"Seguros de Daños","¿Qué sucede cuando la suma asegurada contratada es superior al valor de reposición o valor real del bien asegurado al momento del siniestro?","Opera a primer riesgo","Se paga hasta el valor de reposición y se devuelven las primas por el excedente","Aplica la proporción indemnizable","Se paga hasta el valor de real y se devuelven las primas por el excedente","Se paga hasta el valor de reposición y se devuelven las primas por el excedente",""
425,"Seguros de Daños","Edificio y contenidos, robo con violencia, responsabilidad civil, cristales, dinero y valores, equipo electrodoméstico y electrónico, en la póliza Paquete Familiar reciben el nombre de:","Capítulos","Unidades","Secciones","Bienes amparados","Secciones",""
426,"Seguros de Daños","Los contenidos en general de las habitaciones particulares mientras se encuentren dentro del (s) edificio (s) especificado (s) en la carátula de la póliza representan los:","Bienes excluidos","Bienes cubiertos en la sección II","Bienes cubiertos en la sección I","Bienes excluidos que pueden protegerse por convenio expreso.","Bienes cubiertos en la sección II",""
427,"Seguros de Daños","Cual es la cobertura básica en las secciones I y II.","Incendio y o rayo","Incendio y explosión","Incendio y extensión de cubierta","Incendio, rayo y extensión de cubierta","Incendio y o rayo",""
428,"Seguros de Daños","Estos son algunos riesgos adicionales de la sección I y II que pueden cubrirse en forma adicional: inundación, gastos extraordinarios, cobertura automática para incisos conocidos. ¿Cuales hacen falta?","Accidentes y personales","Marítimo y transportes","Terremoto y erupción volcánica, remoción de escombros","Agrícola y animales","Terremoto y erupción volcánica, remoción de escombros",""
429,"Seguros de Daños","Los riesgos que se cubren en extensión de cubierta algunos de ellos son:","Rotura de filtraciones de tuberías","Gastos extraordinarios, saqueos","Explosión, vehículos, humo o tizne, caída de árboles","Inundación, robo con violencia","Explosión, vehículos, humo o tizne, caída de árboles",""
430,"Seguros de Daños","¿De cuantos incisos se compone la sección III de robo con violencia de contenidos?","7","3","12","4","3",""
431,"Seguros de Daños","En la responsabilidad civil familiar, se cubre el daño y adicionalmente:","Perjuicio y daño consecuencial","Perjuicio y daño moral consecuencial","Perjurio y daño moral","Perjurio y daño moral consecuencial","Perjuicio y daño moral consecuencial",""
432,"Seguros de Daños","¿Cuales son riesgos cubiertos en equipo electrónico y electrodoméstico?","Impericia, descuido y sabotaje","Incendio y rayo","Robo con violencia","Garantía de piezas","Impericia, descuido y sabotaje",""
433,"Seguros de Daños","¿Que bienes se excluyen en la sección de edificio?","Lingotes de oro y plata","Cimientos y terrenos","Incendio y explosión","Incendio y/ o rayo","Cimientos y terrenos",""
434,"Seguros de Daños","Bienes amparados solo bajo convenio expreso en las secciones I y II.","Colección de monedas","Antenas parabólicas","Objetos raros o de arte","Títulos y obligaciones","Antenas parabólicas",""
435,"Seguros de Daños","¿Cual es el convenio expreso en R.C. familiar?","Daños por hundimiento del suelo","Daños en territorio nacional","Daños con el automóvil","Daños en el extranjero","Daños en el extranjero",""
436,"Seguros de Daños","En robo con violencia ¿cual es un riesgo excluido?","Robo de Edificio","Robo con asalto","El abuso de confianza","Daños por incendio y explosión","El abuso de confianza",""
,"Seguros de Daños","En la póliza Múltiple de Casa Habitación, ¿qué secciones pueden operar de manera proporcional y a primer riesgo?  1.- RC Familiar 2.- Cristales 3.- Accidentes personales 4.- Robo con violencia","1, 4","2, 3","2, 4","1, 2","2, 4",""
438,"Seguros de Daños","Modalidad de aseguramiento que delimita específicamente las eventualidades contra las que se asegura a la persona o al bien.","Riesgos Nombrados","Primer Riesgo","Todo Riesgo","Proporcional","Riesgos Nombrados",""
439,"Seguros de Daños","Son aquellos cuyas sumas aseguradas inferiores a los valores reales totales asegurables, pero que llevan una preestablecida relación porcentual con éstos. En todos los casos, la aseguradora acepta reducir su límite de responsabilidad, modificando parcialmente los términos de la cláusula de infraseguro.","Riesgos Nombrados","Primer Riesgo","Todo Riesgo","Proporcional","Primer Riesgo",""
440,"Seguros de Daños","Acción de la Aseguradora de sustituir al asegurado en el ejercicio de las acciones o derechos que tendría este contra los terceros causantes de un siniestro a fin de recuperar de ellos la cantidad por la que civilmente deberían responder a consecuencia de los daños producidos cuya indemnización, en virtud de la póliza de seguro ha corrido inicialmente a cargo de la aseguradora.","Salvamento","Subrogación","Recuperaron","Reembolso","Subrogación",""
441,"Seguros de Daños","Un tanque de gas explota causando daños al edificio colindante, esta casa esta asegurada en una póliza múltiple Familiar ¿Qué nombre recibe técnicamente el daño?","Daño Moral","Daño directo por explosión","Daño indirecto","Daño por aparato sujeto a presión","Daño indirecto",""
442,"Seguros de Daños","Una persona desea asegurar su velero que utiliza en Valle de Bravo los fines de semana, ¿Qué tipo de navegación utiliza esta embarcación?","De placer","Nacional","Interior","Altura","Interior",""
443,"Seguros de Daños","Es la embarcación pequeña que se utiliza para transportar mercancías hacia el buque o de éste:","Velero","Yate","Remolcador","Lancha","Lancha",""
444,"Seguros de Daños","¿Cuál de los siguientes bienes está amparado en la cobertura de embarcaciones menores de placer?","Velas","Equipo de comunicación","Refacciones","Bote salvavidas","Bote salvavidas",""
445,"Seguros de Daños","Relaciona los tipos de navegación con los recorridos que se realizan:  NAVEGACIÓN: 1. Interior 2. De cabotaje 3. De altura  RECORRIDOS: a. Entre puertos y puntos situados en litorales mexicanos b. En aguas mexicanas y cuerpos de agua tierra adentro c. De zonas marinas mexicanas a puertos extranjeros","1b, 2a, 3c","1c, 2b, 3a","1a, 2c, 3b","1a, 2b, 3c","1b, 2a, 3c",""
446,"Seguros de Daños","El dueño de una lancha rápida la utiliza solamente para ir de Puerto Vallarta a Mazatlán, ¿Qué tipo de navegación realiza?","Interior","Nacional","Cabotaje","Altura","Cabotaje",""
447,"Seguros de Daños","Acción de arrojar por la borda parte de la carga:","Descarga","Avería simple","Echazón","Avería particular","Echazón",""
448,"Seguros de Daños","¿Cómo se denomina a la embarcación con menos de 500 unidades de arqueo?","Buque","Embarcación menor de placer","Barcaza","Crucero","Embarcación menor de placer",""
449,"Seguros de Daños","Es una pérdida parcial provocada de modo deliberado para salvar de una pérdida total los intereses en riesgo:","Avería parcial","Avería particular","Echazón","Avería gruesa","Avería gruesa",""
450,"Seguros de Daños","Relaciona las siguientes columnas, de acuerdo al seguro de embarcaciones menores de placer:  CONDICIÓN DEL BIEN: 1. Amparados 2. Excluidos  BIENES: a. Videocámara personal b. Rotura de ejes c. Juego de anzuelos d. Bote salvavidas","1 a, c; 2 b, d","1 c, d; 2 a, b","1 b, c; 2 a, d","1 b, d; 2 a, c","1 b, d; 2 a, c",""
451,"Seguros de Daños","Daño producido accidentalmente en la embarcación o en la carga:","Cabotaje","Avería gruesa","Avería particular","Echazón","Avería particular",""
452,"Seguros de Daños","Tipo de Navegación que realiza embarcación al trasladarse de Mazatlán a La Paz BC.","De placer","Cabotaje","Interior","Altura","Altura",""
453,"Seguros de Daños","Certificado de matrícula","1 y 2","3 y 4","2 y 3","2 y 4","3 y 4",""
454,"Seguros de Daños","La remoción de escombros, costas y gastos judiciales derivados de una RC del uso de la Embarcación Riesgosa son cubiertos en:","PANDI","Protección e Indemnización Completa (P & I Completa).","Buques Hermanos","Protección e Indemnización Simple (P & I Simple).","Protección e Indemnización Completa (P & I Completa).",""
455,"Seguros de Daños","Forma en que participa en el siniestro el contratante de una póliza de embarcaciones menores y de Placer:","Deducible","Franquicia","Copago","Coaseguro","Franquicia",""
456,"Seguros de Daños","Nombre que recibe una pérdida parcial en Embarcaciones Menores y de Placer.","Averia Gruesa","Averia General o Comun","Averia Particular","Echazon","Averia Particular",""
457,"Seguros de Daños","De que manera se cubre PANDI los daños ocasionados en buques hermanos.","A primer Riesgo","Protección e Indemnización Completa (P & I Completa).","Convenio Expreso","Protección e Indemnización Simple (P & I Simple).","Convenio Expreso",""
458,"Seguros de Daños","El contratante de una embarcación menor que realiza pesca de recreo (marlin, dorado, pez vela) en Alta mar. ¿Qué tipo de Navegación realiza?","De placer","Cabotaje","Interior","Altura","Altura",""
459,"Seguros de Daños","Daños a diques o dársenas","1 y 2","2 y 3","3 y 4","1 y 4","2 y 3",""
460,"Seguros de Daños","A las maniobras de descarga de una embarcación se le conoce como:","Avería Gruesa","Avería particular","Echazon","Alijo","Alijo",""
461,"Seguros de Daños","¿El dueño de una lancha la utiliza solamente para pesca de recreo en presas y lagos qué tipo de Navegación realiza?","Interior","Nacional","Cabotaje","Altura","Interior",""
1010,"Seguros de Daños","Al motor provisto de una hélice que se coloca en la parte posterior de la popa de una embarcación menor de placer, se le conoce como:","Turbohélice","Timón","Motor fuera de borda","Motor trasero o en popa","Motor fuera de borda",""
1011,"Seguros de Daños","En una póliza de Embarcaciones Menores de Placer ¿a qué se le llama navegación de cabotaje?","A la navegación a lo largo de las costas, sin perder de vista la costa","A la navegación por los cabos","A la navegación Mercante","A la navegación en ríos, canales, presas y estanques","A la navegación a lo largo de las costas, sin perder de vista la costa",""
1012,"Seguros de Daños","Una persona ha comprado un yate, planea hacer viajes frecuentes de San Carlos a San Diego y requiere de un seguro para su embarcación, ¿qué tipo de navegación informará que va a realizar?","Interoceánica o de Altura","Interior","Cabotaje","Nacional","Interoceánica o de Altura",""
462,"Seguros de Daños","Es la definición de Abordaje:","Es la acción de subir a la embarcación","Llegar, tocar una embarcación con otra.","Colocar una embarcación al lado de otra o de un muelle, de forma tal que quede en contacto por su costado.","Ninguna es correcta.","Llegar, tocar una embarcación con otra.",""
463,"Sistema y Mercados Financieros","¿Qué autoridad tiene el objetivo de procurar la equidad entre los usuarios y las instituciones Financieras?","El Banco de México","La Comisión Nacional Bancaria y de Valores (CNBV)","La Comisión Nacional para la Protección y Defensa de los Usuarios de Servicios Financieros (CONDUSEF)","La Secretaría de Hacienda y Crédito Público (SHCP)","La Comisión Nacional para la Protección y Defensa de los Usuarios de Servicios Financieros (CONDUSEF)",""
464,"Sistema y Mercados Financieros","¿Cuál de las siguientes entidades pertenece al Sistema Bursátil?","Uniones de Crédito","Casas de Cambio","Sociedades de Inversión","Empresas de Factoraje","Sociedades de Inversión",""
465,"Sistema y Mercados Financieros","¿Qué riesgo enfrenta un inversionista, cuando un emisor incumple el pago de intereses?","De operación","De crédito","De mercado","Legal","Legal",""
466,"Sistema y Mercados Financieros","Elegir, de la siguiente lista, los instrumentos de inversión que emite el Gobierno Federal:  1- Certificados de Depósito 2- Aceptaciones Bancarias 3- CETES 4- BONDES 5- UDIBONES 6- Pagarés de Indemnización Carretera 7- Pagarés con rendimiento liquidables al vencimiento 8- Acciones serie 'A' 9- Acciones serie 'B'","1, 5, 6, 7","3, 4, 7, 9","3, 4, 5, 6","2, 3, 8, 9","3, 4, 5, 6",""
467,"Sistema y Mercados Financieros","¿Cómo se denomina la tasa que se paga por el uso de recursos financieros?","Tasa pasiva","Tasa real","Tasa activa","Tasa de cambio","Tasa activa",""
468,"Sistema y Mercados Financieros","¿Como se define ingresos?","Los prestamos que se obtengan","Los que contribuyen al aumento de los activos de una empresa","El dinero proveniente de créditos","Las entradas de dinero","Las entradas de dinero",""
469,"Sistema y Mercados Financieros","Señale como se determina el rendimiento.","Es el precio de venta de los instrumentos financieros","Es el precio de compra de los instrumentos financieros","Es la diferencia entre el precio de compra y el precio de venta de los instrumentos financieros","Es la diferencia entre la oferta y la demanda de los instrumentos financieros","Es la diferencia entre el precio de compra y el precio de venta de los instrumentos financieros",""
470,"Sistema y Mercados Financieros","¿Cómo puede reducirse la exposición al riesgo que amenaza las inversiones de una Empresa?","Con la emisión de acciones","Incrementando los pasivos","Mediante la diversificación de inversiones","A través de un instrumento de capital","Mediante la diversificación de inversiones",""
471,"Sistema y Mercados Financieros","¿Quién invierte las aportaciones obligatorias de los trabajadores para la jubilación?","Arrendadoras Financieras","Sociedades Financieras de Objeto Múltiple (Sofómes)","Administradoras de Fondo para el Retiro (Afores)","Sociedades de Inversión Especialidades en Fondos para el Retiro (Siefores)","Administradoras de Fondo para el Retiro (Afores)",""
472,"Sistema y Mercados Financieros","¿Cómo se define la diversificación, considerada una de los principios básicos de las Sociedades de inversión?","Utilizar los principios de las probabilidades para no arriesgar","Invertir el 100% en una alternativa de bajo riesgo?","La distribución del capital por invertir entre varias alternativas con el fin de diluir el riesgo","La inversión de una proporción del capital y el gasto de la proporción restante","La distribución del capital por invertir entre varias alternativas con el fin de diluir el riesgo",""
473,"Sistema y Mercados Financieros","¿Cuál es uno de los instrumentos de deuda a largo plazo?","Aceptaciones bancarias","Pagaré con rendimiento liquidable al vencimiento","Papel Comercial","Certificados de participación ordinarios","Certificados de participación ordinarios",""
474,"Sistema y Mercados Financieros","¿Cómo se conoce a la capitalización del dinero en el tiempo cuando los intereses recibidos son reinvertidos y pasan a convertirse en un nuevo capital?","Interés simple","Interés compuesto","Factor simple de capitalización","Factor de acumulación","Interés compuesto",""
475,"Sistema y Mercados Financieros","Los fondos de inversión de deuda tienen como característica principal que:","Tienen un rendimiento preestablecido","Incluyen acciones","Todos los instrumentos que lo componen son de deuda","Los emite el Gobierno Federal","Todos los instrumentos que lo componen son de deuda",""
476,"Sistema y Mercados Financieros","¿Qué concepto define la proyección de flujos equivalentes al capital inicial invertido en un Plazo determinado a una cierta tasa de interés?","Nivel máximo de rentabilidad","Riesgo mínimo","Precio de equilibrio","Valor del dinero en el tiempo","Valor del dinero en el tiempo",""
477,"Sistema y Mercados Financieros","Todas las siguientes son tipos de sociedades de inversión EXCEPTO:","De objeto ilimitado","De Renta Variable","En instrumentos de deuda","De capitales","De capitales",""
478,"Sistema y Mercados Financieros","¿A quién corresponde la facultad de autorizar la organización y operación de Sociedades de Inversiones y Casas de Bolsa?","La Comisión Nacional para la Protección y defensa de los Usuarios de Servicios Financieros (CONDUSEF)","La Secretaria de Hacienda y Crédito Público (SHCP)","El Banco de México","La Comisión Nacional Bancaria y de Valores (CNBV)","La Secretaria de Hacienda y Crédito Público (SHCP)",""
479,"Sistema y Mercados Financieros","¿A qué tipo de riesgo corresponden las probabilidades de fluctuación del tipo de cambio?","de Operación","Financiero","Legal","De Mercado","De Mercado",""
480,"Sistema y Mercados Financieros","¿Cuál de las siguientes actividades no corresponde a las realizadas en los mercados financieros?","Emitir instrumentos financieros","Asegurar la rentabilidad de los instrumentos de inversión","Poner en contacto a los agentes financieros","Reducir los plazos y los costos de intermediación","Asegurar la rentabilidad de los instrumentos de inversión",""
481,"Sistema y Mercados Financieros","¿Cuáles son los instrumentos de inversión de alto rendimiento y mayor riesgo?","Pagarés","CETES","Acciones","UDIBONOS","Acciones",""
482,"Sistema y Mercados Financieros","Al calcular el valor presente, descontando los pagos futuros a la tasa de interés de Inversiones alternativas estamos considerando su","Costo de oportunidad","Precio de mercado","Riesgo financiero","Utilidad neta","Precio de mercado",""
483,"Sistema y Mercados Financieros","¿Qué institución financiera canaliza sus recursos hacia los sectores prioritarios para el Desarrollo económico del país?","Sociedades de Inversión","Banca de Desarrollo","Banca Múltiple","Casas de Bolsa","Banca de Desarrollo",""
484,"Sistema y Mercados Financieros","Del siguiente listado elegir 2 que administran sociedades de inversión:  a) Administradoras de Fondos para el Retiro b) Casas de Bolsa c) Sociedades Operadoras de Sociedades de Inversión d) Casas de Cambio e) Instituciones de Crédito","a,c","d,e","b,d","b,c","b,c",""
485,"Sistema y Mercados Financieros","¿Cómo se definen las sociedades de inversión de deuda?","Las que invierten en operaciones de acciones en bolsa de bajo riesgo","Las que invierten en operación de títulos de tasas no garantizadas","Las que dirigen su inversión al mercado de dinero en el que operan títulos con tasa de Rendimiento garantizado","Las que dirigen su inversión a comprar títulos de alto riesgo","Las que invierten en operación de títulos de tasas no garantizadas",""
486,"Sistema y Mercados Financieros","¿Qué operación financiera se identifica con el pago periódico de la prima de un seguro de vida?","Anualidad","Interés","Interés compuesto","Descuento","Anualidad",""
487,"Sistema y Mercados Financieros","Las letras de cambio que emite un banco en respaldo al préstamo que hace a una empresa son:","Aceptaciones bancarias","Pagaré con rendimiento Liquidable al vencimiento","Depósitos a plazo","Cetés","Aceptaciones bancarias",""
488,"Sistema y Mercados Financieros","La característica principal de los instrumentos de deuda es:","Los suscriben entidades privadas","Ofrecen un rendimiento preestablecido","Los emite el Gobierno Federal","Tienen renta variable","Ofrecen un rendimiento preestablecido",""
489,"Sistema y Mercados Financieros","¿Cuál es la tasa que pagan las instituciones financieras sobre los fondos depositados?","Tasa Real","Tasa Activa","Tasa Pasiva","Tasa de Inflación","Tasa Pasiva",""
490,"Sistema y Mercados Financieros","Siguiendo el principio de la diversificación, ¿Cuál será la mejor opción para recomendar a un prospecto?","Combinar un portafolio en función a los requerimientos de liquidez, aversión al riesgo y Rendimientos esperados","Elegir un plan de inversión de sociedades de inversión de instrumentos de renta variable","Elegir un plan de inversión de sociedades de inversión de instrumentos de deuda","Combinar la inversión en 75% de renta variable y 25% de deuda","Combinar un portafolio en función a los requerimientos de liquidez, aversión al riesgo y Rendimientos esperados",""
491,"Sistema y Mercados Financieros","¿Qué autoridad se encarga de aplicar la política monetaria y el tipo de cambio?","La secretaria de Hacienda y Crédito Público (SHCP)","El Instituto de Protección del Ahorro Bancario (IPAB)","El Banco de México","La Comisión Nacional Bancaria y de Valores (CNBV)","El Banco de México",""
492,"Sistema y Mercados Financieros","¿Qué instituciones privadas administran las aportaciones de los trabajadores por el concepto de retiro, cesantía en edad avanzada o vejez?","Sociedad de Ahorro y Préstamo","Uniones de Crédito","Administradora de Fondo para el Retiro","Sociedades de inversión de los fondos de los trabajadores","Sociedad de Ahorro y Préstamo",""
493,"Sistema y Mercados Financieros","Pagares con rendimiento al vencimiento","1,2,7","3,4,6","2,6,7","2,4,5","1,2,7",""
494,"Sistema y Mercados Financieros","El rendimiento de un fondo de inversión de deuda es:","Fijo","Constante","Variable","Preestablecido","Preestablecido",""
495,"Sistema y Mercados Financieros","¿Cuál es la Tasa de interés que mas le convendría a un prospecto?","2% bimestral","1% mensual","6% semestral","12% anual","12% anual",""
496,"Sistema y Mercados Financieros","La mejor forma de ayudar a incrementar el patrimonio familiar de un prospecto en nuestro país, seria ofrecerle un plan de seguros:","Con un portafolio de inversión combinando con diferentes opciones de Riesgos y tasas","Con una inversión de bajo riesgo con un 3 % de tasa estimada sin ganancia","Con una inversión de una tasa de interés del 2 % garantizada","Con una inversión de una tasa de interés del 6 % sin garantía en un fondo de alto Riesgo","Con un portafolio de inversión combinando con diferentes opciones de Riesgos y tasas",""
497,"Sistema y Mercados Financieros","Identifique el principal propósito del Mercado de Valores en una economía","Fijar precios de bienes y servicios","Asegurar la rentabilidad de los instrumentos financieros","Determinar el tipo de cambio","Canalizar los ahorros de forma eficiente para los usuarios finales","Canalizar los ahorros de forma eficiente para los usuarios finales",""
498,"Sistema y Mercados Financieros","Señale como se determina Rendimiento","Es el precio de venta de los instrumentos financieros","Es el precio de compra de los instrumentos financieros","Es la diferencia entre la oferta y la demanda de los instrumentos financieros","Es la diferencia entre el precio de compra y el precio de venta de los instrumentos financieros","Es la diferencia entre el precio de compra y el precio de venta de los instrumentos financieros",""
499,"Sistema y Mercados Financieros","La rentabilidad de una inversión financiera es recompensa al poseedor por:","Incrementar su participación en Mercado Accionario","Renunciar Temporalmente a la liquidez y soportar el Riesgo","Decrementar su poder de adquisición futura y sus ganancias","Participar en el Mercado de bienes y servicios.","Renunciar Temporalmente a la liquidez y soportar el Riesgo",""
500,"Sistema y Mercados Financieros","¿Qué capacidad tiene una compañía de Seguros ante los Riesgos Financieros?","Eliminarlos","Diversificarlos","Regularlos","Evadirlos","Diversificarlos",""
501,"Sistema y Mercados Financieros","Cuales son las principales Características que definen al mercado de dinero","Activos Financieros de largo plazo, con diferentes grados de riesgo y liquidez","Activos Financieros en forma de deuda a corto plazo, bajo riesgo y elevada liquidez","Activos Financieros emitidos en mediano plazo con renta fija o variable","Activos empresariales a mediano y largo plazo con renta variable","Activos Financieros en forma de deuda a corto plazo, bajo riesgo y elevada liquidez",""
502,"Sistema y Mercados Financieros","¿En qué mercado se negocia la compra-venta de nuevos instrumentos de renta fija o variable?","Mercado de dinero","Mercado de valores","Mercado secundario","Mercado primario","Mercado primario",""
503,"Sistema y Mercados Financieros","Si me aumentan el sueldo 5% cada año en un país cuya inflación es del 5% ¿Cuál es el efecto sobre mi poder adquisitivo?","Se modifica","Se mantiene igual","Aumenta","Disminuye","Se mantiene igual",""
504,"Sistema y Mercados Financieros","¿Cuál es la principal característica de la tasa de rendimiento Variable?","No está garantizada","Está garantizada","Siempre es positiva","Depende de factores internos controlables","No está garantizada",""
505,"Sistema y Mercados Financieros","¿Cómo se definen las sociedades de inversión de renta variable?","Las que canalizan sus recursos al mercado de capitales en los que su rendimiento depende de las fluctuaciones del mismo","Las que invierten en acciones AAA","Las que operan títulos de empresas multinacionales con altos rendimientos y bajo riesgo","Las que invierten en instrumentos de tasa fija","Las que canalizan sus recursos al mercado de capitales en los que su rendimiento depende de las fluctuaciones del mismo",""
506,"Sistema y Mercados Financieros","Los activos financieros en función de los emisores y de los rendimientos o ganancias pueden ser clasificados en","Bonos o títulos de renta indexada","Títulos de renta o renta variable","Primarios o títulos de renta fija","Títulos de propiedad o a largo plazo","Títulos de renta o renta variable",""
507,"Sistema y Mercados Financieros","De las siguientes oraciones seleccione aquella que se refiera a la definición de activo","Son los bienes y derechos que constituyen el capital de una empresa","Son las deudas y obligaciones que una empresa contrae derivada de sus operaciones","Se refiere solo al derecho sobre los títulos y valores que posee una empresa","Son los bienes y derechos que una empresa pose a determinada fecha, susceptibles a ser valorados económicamente","Son los bienes y derechos que una empresa pose a determinada fecha, susceptibles a ser valorados económicamente",""
508,"Sistema y Mercados Financieros","Que fenómeno económico se enfrenta cuando se observa una reducción del valor de la moneda nacional en términos de las monedas extranjeras","Inflación","Deflación","Decrecimiento","Devaluación","Devaluación",""
509,"Sistema y Mercados Financieros","Cual es el propósito fundamental de la regulación del mercado financiero","Incrementar la rentabilidad de los activos financieros","Vigilar la solvencia de las entidades financieras","Corregir las fallas de mercado","Fomentar el desarrollo del sector industrial","Vigilar la solvencia de las entidades financieras",""
510,"Sistema y Mercados Financieros","Que concepto relaciona la rentabilidad a la cual se ha renunciado por invertir en proyectos en vez de invertir en otros activos financieros","Solvencia","Costo de oportunidad","Productividad","Liquidez","Costo de oportunidad",""
511,"Sistema y Mercados Financieros","La relación entre la rentabilidad y la liquidez es:","Creciente","Decreciente","Nula","Exponencial","Creciente",""
512,"Sistema y Mercados Financieros","Que termino define el derecho de los propietarios sobre los activos netos de una empresa","Riqueza","Patrimonio","Ganancias","Ingreso","Patrimonio",""
513,"Sistema y Mercados Financieros","Que autoridad inspecciona y vigila el cumplimiento de las obligaciones de la ley de instituciones de crédito","La CNSF","La CNBV","CONDUSEF","Instituto de protección al ahorro bancario","La CNBV",""
514,"Sistema y Mercados Financieros","Elija del siguiente listado las figuras que se consideran intermediarios del mercado de valores:  A. Bolsa Mexicana de Valores B. Casas de Bolsa C. Sociedades operadoras de sociedades de inversión D. Casas de Cambio E. Instituciones de seguros","C, D","B, C","B, E","A, D","B, C",""
515,"Sistema y Mercados Financieros","Como puede enfrentarse el riesgo propio, es decir aquel que se define por los peligros que rodean a determinada empresa","A través de un intercambio de capital","Con la emisión de acciones","Mediante la diversificación de inversiones","Incrementando los pasivos","Mediante la diversificación de inversiones",""
516,"Sistema y Mercados Financieros","Cuando la rentabilidad futura de algún activo financiero no es predecible, entonces el inversionista enfrenta un","Costo","Gasto","Descuento","Riesgo","Riesgo",""
517,"Sistema y Mercados Financieros","Que significa una taza nominal de interés","Tasa equivalente","La diferencia entre el peso de venta y el de compra","Tasa de interés que se expresa en términos de bienes reales","Tasa de interés sin ajuste inflacionario","Tasa de interés sin ajuste inflacionario",""
518,"Sistema y Mercados Financieros","Que instrumento financiero avalado por el gobierno federal esta ligado con el índice nacional de precios al consumidor","Bonos BPAS","Cetes","Udibonos","Bondes","Udibonos",""
519,"Sistema y Mercados Financieros","Identifique de los siguientes instrumentos financieros cual corresponde al mercado de derivados","Certificados de participación","Opciones","Bondes","Pagares","Opciones",""
520,"Sistema y Mercados Financieros","Como se llama al instrumento de deuda a corto plazo emitido por empresas mexicanas bien conocidas, cuyas acciones están cotizadas en la bolsa","Acción","Udibonos","Cete","Papel comercial","Acción",""
521,"Sistema y Mercados Financieros","Relaciona el concepto de interés nominal con una de las siguientes definiciones","Valor presente de una inversión","Rendimiento de una inversión expresada como el aumento de la cantidad de bienes y servicios y se pueden comprar","Tasa de interés del activo menos la inflación","Incremento del valor monetario de una inversión","Incremento del valor monetario de una inversión",""
522,"Sistema y Mercados Financieros","elija de las siguientes opciones lo que corresponda a las instituciones financieras que captan recursos de la colocación de instrumentos inscritos en el registro nacional de valores e intermediarios y otorgan créditos para determinadas actividades o sector","Instituciones de seguros especializados en pensiones derivadas de las leyes de seguridad social","Administradora de fondos para el retiro (afores)","Sociedades financieras de objeto múltiple (sofomes)","Sociedades de inversión especializadas en fondos para el retiro (siefores)","Sociedades financieras de objeto múltiple (sofomes)",""
523,"Sistema y Mercados Financieros","Una Cartera Diversificada se Caracteriza por ser:","Más Riesgosa","Menos Riesgosa","Totalmente impredecible","Totalmente Predecible","Menos Riesgosa",""
524,"Sistema y Mercados Financieros","Identifique el término que representa las deudas u obligaciones que son exigibles en un plazo no mayor de un año con la característica principal de que se encuentran en constante movimiento o rotación.","Activo","Capital contable","Pasivo fijo","Pasivo circulante","Pasivo circulante",""
525,"Sistema y Mercados Financieros","Que concepto se define como “las disminuciones patrimoniales que afectan los resultados de un periodo, aunque no constituyen desembolso o salida de efectivo”","Egresos","Utilidades","Préstamo personal","Ingresos","Préstamo personal",""
526,"Sistema y Mercados Financieros","La variables rentabilidad, riesgo y liquidez mantienen una relación de:","Exclusión","Interdependencia","Independencia","Complemento","Interdependencia",""
527,"Sistema y Mercados Financieros","¿Qué define la tasa Nominal?","El Valor Presente de una inversión","El incremento monetario de una inversión","La tasa de interés menos la inflación","El Incremento en la cantidad de bienes y servicios que se pueden comprar","El Valor Presente de una inversión",""
,"Sistema y Mercados Financieros","¿Cuáles de los siguientes instrumentos de inversión tienen como emisor a instituciones privadas?  1.- Certificados de depósito 2.- BONDES 3.- Acciones Serie “A” 4.- UDIBONOS 5.- Pagarés de Indemnización Carretera (PIC) 6.- Pagarés con Rendimiento Liquidable al Vencimiento 7.- Acciones Serie “E”","2 y 4","1 y 2","3 y 7","5 y 6","3 y 7",""
529,"Sistema y Mercados Financieros","¿Qué instituciones financieras funcionan como mecanismo de intermediación que captan recursos de muchos inversionistas y usan lo captado en la compra de acciones y valores para conformar un portafolio o cartera?","Empresas de factoraje","Uniones de crédito","Sociedades de inversión","Casas de Cambio","Sociedades de inversión",""
530,"Sistema y Mercados Financieros","¿Qué son los derivados?","Son instrumentos derivados de activos financieros clásicos, con renta fija o variable","Son los basados en activos financieros clásicos pero con elevados rendimientos","Son instrumentos existentes en el mercado cuyo valor depende del valor de un bien (financiero o no financiero)","Son los instrumentos cuya emisión proviene de la Administración Pública","Son instrumentos existentes en el mercado cuyo valor depende del valor de un bien (financiero o no financiero)",""
531,"Sistema y Mercados Financieros","¿Qué sucede en una economía cuando se presenta una devaluación","Se abaratan las importaciones para el país que devalúa en términos de su propia moneda","Se encarecen las exportaciones del país que devalúa con respecto a los demás países","Se abaratan las exportaciones del país que devalúa con respecto a los otros países","Se mantiene sin cambio en la balanza comercial","Se abaratan las exportaciones del país que devalúa con respecto a los otros países",""
532,"Sistema y Mercados Financieros","¿Qué es valor presente?","El valor del dinero expresado en términos del poder adquisitivo de hoy","Valor del dinero referenciado en el tiempo","Valor del dinero con relación a cualquier año","Valor del dinero expresado a precios constantes","El valor del dinero expresado en términos del poder adquisitivo de hoy",""
533,"Sistema y Mercados Financieros","Relaciona el concepto de Tasa de interés Nominal con una de las siguientes definiciones:","Tasa de interés del activo menos la inflación","Incremento del valor monetario de una inversión","Valor presente de una Inversión","Rendimiento de una inversión expresada como el aumento de la cantidad de bienes y servicios que se pueden comprar","Rendimiento de una inversión expresada como el aumento de la cantidad de bienes y servicios que se pueden comprar",""
534,"Sistema y Mercados Financieros","Los intermediarios Bursátiles son Certificados por:","CNBV","CNSF","CONSAR","AMIB","AMIB",""
535,"Sistema y Mercados Financieros","Cuando un instrumento financiero presenta menor liquidez y mayor riesgo se espera que sea:","Menos cotizado o","Mas rentable o","Mas estable o","Menos rentable","Mas rentable o",""
536,"Sistema y Mercados Financieros","¿Cuál de las siguientes entidades pertenece al Sistema Bursátil?","Empresas de Factoraje","Uniones de Crédito","Casas de Cambio","Sociedades de Inversión","Sociedades de Inversión",""
537,"Sistema y Mercados Financieros","¿Es la capacidad financiera o cantidad de dinero del que disponen las personas físicas o morales?","Utilidad","Interés","Crédito","Poder adquisitivo","Poder adquisitivo",""
538,"Sistema y Mercados Financieros","¿Que variable juega un papel fundamental en la elección de un portafolio Financiero?","Rendimiento o ganancia esperada","Utilidad Marginal","Estabilidad del Mercado","Utilidad Operativa","Rendimiento o ganancia esperada",""
539,"Sistema y Mercados Financieros","Cuando una cantidad una cantidad a recibir en el futuro, traemos a valor presente deflactada por la inflación estamos calculando:","Por su rendimiento","Su interés compuesto","Su poder adquisitivo","Su interés simple","Su poder adquisitivo",""
540,"Sistema y Mercados Financieros","Todos los siguientes son objetivos de las Sociedades de Inversión, EXCEPTO","El acceso al pequeño y mediano inversionista","La diversificación","La garantía de los rendimientos positivos para los pequeños inversionistas","El fortalecimiento y descentralización del mercado de valores","La garantía de los rendimientos positivos para los pequeños inversionistas",""
541,"Sistema y Mercados Financieros","Señale que sociedades adquieren valores y documentos seleccionados de acuerdo al criterio de diversificación de riesgos con recursos provenientes de la venta de acciones entre el publico inversionista","Sociedades de Inversión","Sociedades Financieras de Objeto Limitado","Sociedades de Crédito","Sociedades de Información Crediticia","Sociedades de Inversión",""
542,"Sistema y Mercados Financieros","Señale una actividad que relaciona al Banco de México con el Sistema Bancario","Inspecciona y vigila el cumplimiento de las disposiciones de la Ley de Crédito","Envía billetes y moneda metálica a la Banca Múltiple y de Desarrollo","Autoriza la constitución y supervisión de operaciones bancarias.","Supervisa todas las instituciones del sistema Financiero","Envía billetes y moneda metálica a la Banca Múltiple y de Desarrollo",""
543,"Sistema y Mercados Financieros","¿Cuál es la principal característica de la tasa de rendimiento?","No esta garantizada","Esta Garantizada","Siempre es positiva","Depende de los factores internos controlables","No esta garantizada",""
544,"Sistema y Mercados Financieros","¿En qué mercado se efectúan transacciones de valores que generalmente no presentan un vencimiento?","En el monetario","En el de metales","En el de bienes","En el de capitales","En el de capitales",""
545,"Sistema y Mercados Financieros","¿Qué concepto define la proyección de flujos equivalentes al capital inicial invertido en un plazo determinado a una cierta tasa de interés?","Nivel máximo de rentabilidad","Riesgo mínimo","Precio de equilibrio","Valor del dinero en el tiempo","Valor del dinero en el tiempo",""
546,"Sistema y Mercados Financieros","Todas las siguientes son tipos de sociedades de inversión, EXCEPTO:","De objeto ilimitado","De renta variable","En instrumentos de deuda","De capitales","De capitales",""
547,"Sistema y Mercados Financieros","Del siguiente listado elegir 2 que administran sociedades de inversión: a) Administradoras de fondos para el retiro b) Casas de bolsa c) Sociedades operadoras de sociedades de inversión d) Casas de cambio e) Instituciones de crédito","a,c","d,e","b,d","b,c","a,c",""
548,"Sistema y Mercados Financieros","Elegir, de la siguiente lista, las características principales que definen al mercado de dinero a) Deuda a corto plazo b) Activos empresariales a mediano y largo plazo c) Bajo riesgo d) Alto riesgo e) Baja liquidez f) Alta liquidez g) Renta fija h) Renta variable","a, c, f","b, d, e","a, g, h","c, e, h","a, c, f",""
549,"Sistema y Mercados Financieros","¿Cuál es la máxima autoridad del sistema financiero en México?","La Comisión Nacional de Seguros y Fianzas (CNSF)","La Secretaría de Hacienda y Crédito Público (SHCP)","La Comisión Nacional Bancaria y de Valores (CNBV)","La Comisión Nacional para la Protección y Defensa de los Usuarios de Servicios Financieros (CONDUSEF","La Secretaría de Hacienda y Crédito Público (SHCP)",""
550,"Sistema y Mercados Financieros","¿En qué mercado se negocia la compra-venta de nuevos instrumentos de renta fija o variable?","Mercado de dinero","Mercado de valores","Mercado secundario","Mercado primario","Mercado primario",""
551,"Sistema y Mercados Financieros","¿Cómo se define la tasa de rendimiento?","La que se expresa como porcentaje sobre el capital invertido inicialmente","Como la cantidad obtenida comparada contra la cantidad invertida","Como una tasa que garantiza en el tiempo un rendimiento","Como una por arriba de la inflación y positiva","La que se expresa como porcentaje sobre el capital invertido inicialmente",""
552,"Sistema y Mercados Financieros","¿Cuál es el concepto que representa el costo del dinero en el tiempo?","Tasa de interés","Tasa de inflación","Renta","Dividendo","Tasa de interés",""
553,"Sistema y Mercados Financieros","¿Qué se entiende por tipo de cambio?","Precio de la divisa extranjera en términos de la unidad monetaria nacional","Precio de los bienes exportados","Precio del dinero","Tasa interna de rentabilidad","Precio de la divisa extranjera en términos de la unidad monetaria nacional",""
554,"Sistema y Mercados Financieros","¿Qué se entiende por tipo de cambio?","Precio de la divisa extranjera en términos de la unidad monetaria nacional","Precio de los bienes exportados","Precio del dinero","Tasa interna de rentabilidad","Precio de la divisa extranjera en términos de la unidad monetaria nacional",""
555,"Sistema y Mercados Financieros","¿Qué autoridad tiene el objetivo de procurar la equidad entre los usuarios y las instituciones financieras?","El Banco de México","La Comisión Nacional Bancaria y de Valores (CNBV)","La Comisión Nacional para la Protección y Defensa de los Usuarios de Servicios Financieros (CONDUSEF)","La Secretaría de Hacienda y Crédito Público (SHCP)","La Comisión Nacional para la Protección y Defensa de los Usuarios de Servicios Financieros (CONDUSEF)",""
556,"Sistema y Mercados Financieros","¿Cómo se define la diversificación, considerada una de los principios básicos de las sociedades de inversión?","utilizar los principios de las probabilidades para no arriesgar","invertir el 100% en una alternativa de bajo riesgo","la distribución del capital por invertir entre varias alternativas con el fin de diluir el riesgo","la inversión de una proporción del capital y el gasto de la proporción restante","la distribución del capital por invertir entre varias alternativas con el fin de diluir el riesgo",""
557,"Sistema y Mercados Financieros","Cuál de las siguientes actividades no corresponde a las realizadas en los mercados financieros?","Emitir instrumentos financieros","Asegurar la rentabilidad de los instrumentos de inversión","Poner en contacto a los agentes financieros","Reducir los plazos y los costos de intermediación","Asegurar la rentabilidad de los instrumentos de inversión",""
558,"Sistema y Mercados Financieros","¿Cómo se definen las sociedades de inversión de deuda?","las que invierten en operaciones de acciones en bolsa de bajo riesgo","las que invierten en operación de títulos de tasas no garantizadas","las que dirigen su inversión al mercado de dinero en el que operan títulos con tasa de rendimiento garantizada","las que dirigen su inversión a comprar títulos de alto riesgo","las que invierten en operación de títulos de tasas no garantizadas",""
559,"Sistema y Mercados Financieros","¿Cuál es el principal instrumento financiero del mercado de capitales?","Acciones","Papel comercial","Certificados de depósitos no negociables","Aceptaciones bancaria","Acciones",""
560,"Sistema y Mercados Financieros","¿Cuál es el principal instrumento financiero del mercado de capitales?","Acciones","Papel comercial","Certificados de depósitos no negociables","Aceptaciones bancarias","Acciones",""
561,"Sistema y Mercados Financieros","Un portafolio diversificado se caracteriza por ser:","Totalmente impredecible","Menos riesgoso","Totalmente predecible","Más riesgoso","Menos riesgoso",""
562,"Sistema y Mercados Financieros","Identifica el organismo que tiene por finalidad proveer a la economía del país de moneda nacional","Casa de moneda","Banda de Desarrollo","Banco de México","SHCP","Banco de México",""
563,"Sistema y Mercados Financieros","Identifique al intermediario financiero que utilizando principalmente recursos públicos otorga préstamos a individuos y empresas de sectores estratégicos","Banca Comercial","Banca de Desarrollo","Sociedad de objeto limitado","Sociedad de Factoraje","Banca de Desarrollo",""
564,"Sistema y Mercados Financieros","Todos son sectores regulados por la CNBV EXCEPTO","Bancario","Seguros y de fianzas","Bursátil","Organizaciones auxiliares de Crédito","Seguros y de fianzas",""
565,"Sistema y Mercados Financieros","Son Instituciones de banca de desarrollo EXCEPTO","BANJERCITO","BANCOMEXT","BANOBARAS","BANXICO","BANXICO",""
566,"Sistema y Mercados Financieros","De renta variable:  a. Acción b. Papel Comercial c. Cetes d. Acciones de Sociedades de Inversión","1a d 2 b c","1b d 2 a c","1 b c 2 a d","1 a c 2 b a","1 b c 2 a d",""
567,"Sistema y Mercados Financieros","Identifica la sociedad de inversión que puede vender y comprar acciones en cualquier tiempo:","Abierta","Futuros","Cerrada","Derivados","Abierta",""
568,"Sistema y Mercados Financieros","Los siguientes conceptos son ejemplos de anualidades financieras ciertas EXCEPTO","Pagos fijos a una tienda comercial por 19 meses","Los intereses mensuales en un fondo de inversión a largo plazo","Pago de una prima de un plan a 25 años","Renta mensual de un contrato de arrendamiento","Los intereses mensuales en un fondo de inversión a largo plazo",""
569,"Sistema y Mercados Financieros","El Sr. Pérez adquirió una maquina a 1000 dólares y pago $9,976.00 pesos mexicanos. 10 años después la maquina vale $1,000 dólares pero se pagaron $10,890 por esta diferencia se dice que hay una afectación:","Real","De rendimiento","Nominal","De cambio","De cambio",""
570,"Sistema y Mercados Financieros","Expresa en notación decimal 1/3, redondeando a 3 dígitos","33.333%","33.333","3.333","0.333","33.333%",""
571,"Sistema y Mercados Financieros",".- Una empresa tiene ventas por $100 millones, cuentas por cobrar por $70 millones, activos totales por $72 millones, utilidad neta por $25 millones y deuda total por $406.6 millones Cual es el apalancamiento financiero de la deuda","Utilidad neta / activos totales = 3.47 %","Ventas / cuentas por cobrar = 142.85 %","Deuda total / activos totales = 56.47 %(Este índice indica un mal apalancamiento)","Venta / activos totales = 13.88 %","Deuda total / activos totales = 56.47 %(Este índice indica un mal apalancamiento)",""
572,"Sistema y Mercados Financieros","una persona obtiene un préstamo por $50,000.00 y acepta liquidarlo año y medio después. Mientras exista el adeudo pagara un interés simple mensual de 3.5 %, Cuanto debe de pagar de interés cada mes","$ 1,750.00","$ 31,500.00","$ 81,500.00","$ 51,750.00","$ 1,750.00",""
573,"Sistema y Mercados Financieros","Cual es la tasa efectiva bimestral equivalente a una tasa del 36 % convertible semestralmente","6.43 % .36/2=.18","5.67 % (1.18) 2 =1.3924","6.57 % .3924/6=0.0654","10.79 % = 6.54%","10.79 % = 6.54%",""
574,"Sistema y Mercados Financieros","La Sra. Medrano invirtió $3,000.00 a una tasa de interés del 6 % capitalizable semestralmente por un periodo de 2 años ¿Cual es el monto que tendrá?","$ 7,320.00","$3,787.43","$10,263.06","$5,600.00","$3,787.43",""
575,"Sistema y Mercados Financieros","Cual es la tasa efectiva de 2 años tres meses equivalente a una tasa de 15 % convertible trimestralmente","39.28 %","15.69 %","11.88 %","33.75 %","39.28 %",""
576,"Sistema y Mercados Financieros","expresa en notación decimal 12 %","12/100","0.12","1.2","0.012","0.12",""
577,"Sistema y Mercados Financieros","que porcentaje es $ 337.50 de $ 13,500.00","15 %","2.5 %","0.15 %","25 %","2.5 %",""
578,"Sistema y Mercados Financieros","Se obtiene un crédito por $ 180,000.00 para pagar en 120 días a de una tasa de interés simple del 2 % mensual ¿Qué cantidad debe pagar al vencerse la deuda?","$ 144,000.00 VF=VP*i*n","$ 172,800.00 =180000*.02*4","$ 194,830.00 =14400","$ 194,400.00 M=VF+180000 M=14400+180000= 194400","$ 194,400.00 M=VF+180000 M=14400+180000= 194400",""
579,"Sistema y Mercados Financieros","Calcule el monto de $ 450.00 al 6 % de interés simple durante 8 meses","$216.00","$451.50","$666.00","$468.00","$468.00",""
580,"Sistema y Mercados Financieros","Cual es la tasa efectiva bimestral equivalente a una tasa del 36 % convertible semestralmente","6.43 %","10.79 %","5.67 %","6.57 %","6.57 %",""
581,"Sistema y Mercados Financieros","Expresa en notación porcentual redondeado a 2 dígitos 5/9","55.56 %","5.60 %","0.55 %","56.00 %","56.00 %",""
582,"Sistema y Mercados Financieros","Calcule el monto de $ 700.00 al 8 % de interés simple mensual durante 15 meses","$ 770.00","$ 705.84","$ 70.00","$ 840.00","$ 840.00",""
583,"Sistema y Mercados Financieros","Calcula el valor que tendrían $525.00 después de 6 meses si se invirtiera a una tasa de interés simple después de 6 meses si se invirtiera a una tasa de interés simple que da un rendimiento del 2.5 % mensual","$ 608.84","$ 531.52","$ 558.33","$ 603.75","$ 603.75",""
584,"Sistema y Mercados Financieros","Cual es la razón de la siguiente serie de números 20,30,45,67.5,101.25.","3","1.5","5","0.5","1.5",""
585,"Sistema y Mercados Financieros","La diferencia entre los rendimientos en un año completo de un fondo de inversión en seguros y un fondo de operación en una operadora es de $1232.24 pesos a favor del que esta en la aseguradora. Se deposito de la siguiente forma $225000 a una tasa de interés simple de 7.25 % en la aseguradora y la operadora pago una tasa de interés simple de 6.43 % ¿Cuanto se invirtió en la operadora?","$224428.66","$223851.06","$222130.78","$225575.74","$225575.74",""
586,"Sistema y Mercados Financieros","Un padre de familia invierte $ 55,000.00 para retirarlos dentro de 3 años y utilizarlos en la inscripción y primeros gastos de su hijo en una universidad extranjera, al final del primer año su ahorro ya ha alcanzado $58,850.00, al final del segundo año llego a $ 62,969.50 y al termino de 3 años $67,377.37. Si la operación se pacto a la misma tasa para los 3 años ¿Qué tasa de interés se aplica?","6 % 58850/55000=1.07-1*100=7","7 %","6.5 %","7.5 %","7 %",""
587,"Sistema y Mercados Financieros","Después de 4 años de haber invertido un capital a una tasa de interés simple de 7.5 % el inversionista obtuvo $63250.78 pesos ¿Cuál fue el capital inicial?","$47685.28 Vp=63250.78/(1.075) 4 =63250.78/1.3354=47362.22","$44275.55","$47362.22","$48654.45","$47362.22",""
588,"Sistema y Mercados Financieros","El Sr. López repartió $1250.00 entre sus 2 hijos 3/8 para Pepe y el resto para Sandra ¿Cuánto recibió Sandra?","$468.75 1250*.375=468.75-1250=781.25","$781.25","38 %","$156.25 más que Pepe","$781.25",""
589,"Sistema y Mercados Financieros","Si se tiene una inflación del 6 % y la tasa de interés nominal es del 10 % ¿calcula la tasa real que recibirá una inversión con dichas características?","4 % 1.10/1.06=1.03773-1*100=3.77","3.64 %","5.77 %","3.77 %","3.77 %",""
590,"Sistema y Mercados Financieros","Que cantidad se tiene que invertir el día de hoy al 3.8 % de interés simple bimestral para tener $150000 dentro de 3 meses","$ 134,649.91","$ 141,838.86","$ 141,911.07","$ 134,121.75","$ 141,911.07",""
591,"Sistema y Mercados Financieros","Si inviertes $18,500.00 a una tasa del 15 % anual de interés simple al final de 6 meses tendrías $19887.50 Si se maneja en interés compuesto con capitalización bimestral ¿Cuánto seria su valor futuro?","$19931.50","$19922.48","$21454.33","$21473.96","$21454.33",""
592,"Sistema y Mercados Financieros","El Sr. López repartió $1250.00 entre sus 2 hijos 3/8 para Pepe y el resto para Sandra ¿Cuánto recibió Pepe?","40 % 3/8 =.375 * 1250= 468.75","$375.00","$468.75","$781.25","$468.75",""
593,"Sistema y Mercados Financieros","Calcule el interés que ganaría un capital de $75,000 con una tasa del interés del 10.5% no capitalizable por 3 años.","$101,192.45","$98,625.00","$82,875.00","$78,375.00","$98,625.00",""
594,"Sistema y Mercados Financieros","Una persona invierte un capital en pagarés a 28 días durante 4 periodos y obtiene un rendimiento total del 11%. Si la inflación en ese periodo fue del 4.5%, ¿Cuál es la tasa de interés real que obtuvo?","1.05%","7.00%","6.22%","6.73%","6.22%",""
595,"Sistema y Mercados Financieros","Si guardas $10,000 pesos en una caja de seguridad y la inflación es del 3% cada año durante 2 años, ¿Cuál es el valor futuro de tu dinero al final de los años, en términos del poder adquisitivo que tendrá?","$9,425.96","$10,000.00","$9,708.74","$9,433.96","$9,425.96",""
596,"Sistema y Mercados Financieros","Calcule la siguiente cantidad: 4/3 de 1,200.","300","900","1,600","400","1,600",""
597,"Sistema y Mercados Financieros","Calcular el monto de $7,000 al 18% de interés simple durante 15 meses","$8,575.00","$8,751.62","$8,890.00","$1,751.62","$8,575.00",""
598,"Sistema y Mercados Financieros","Calcular el valor que tendrán $5,250 después de 6 meses si se invierten a una tasa de Interés simple que da un rendimiento del 3.5% mensual.","$6,679.47","$5,342.55","$5,341.88","$6,352.50","$6,352.50",""
599,"Sistema y Mercados Financieros","Si guardas $10,000 pesos en una caja de seguridad y la inflación es del 3% cada año durante 2 años, ¿Cuál es el valor futuro de tu dinero al final de los años, en términos del poder adquisitivo que tendrá?","$10,000.00","$9,425.96","$9,708.74","$9,433.96","$9,425.96",""
600,"Sistema y Mercados Financieros","Una persona invierte un capital a 1 mes durante 2 periodos a una tasa de interés simple del 7% mensual. Si la inflación durante la inversión fue del 7%, ¿Cuál es la tasa de interés real que obtuvo?","13.08%","7.00%","6.54%","7.46%","6.54%",""
601,"Sistema y Mercados Financieros","Expresar en notación decimal 21%","0.021","12/100","0.012","0.21","0.21",""
602,"Sistema y Mercados Financieros","Expresar en notación porcentual 1/40","25.00%","0.25%","2.50","2.50%","2.50%",""
603,"Sistema y Mercados Financieros","Si se tiene un capital inicial de $150,000.00 pesos y se invierte a un año con una tasa trimestral del 4%, ¿Cuál sería el monto del capital de retorno?","$163,909.05 150000(1.04) 4 =175478.78","$154,550.88","$168,826.32","$151,800.32","$168,826.32",""
604,"Sistema y Mercados Financieros","Si inviertes $18,500 pesos a una tasa del 15% anual de interés simple, al final del año tendrías $21,275. Si se maneja en interés compuesto con capitalización bimestral. ¿Cuánto sería el valor futuro?","$21,454.33","$24,880.44","$19,931.59","$21,473.96","$19,931.59",""
605,"Sistema y Mercados Financieros","Calcular la tasa semestral de $15,000 y que tendrá la cantidad de $15,913.50 al final del año","1%","12%","6%","3%","3%",""
606,"Sistema y Mercados Financieros","Una persona invierte un capital en pagarés a 28 días durante 12 periodos y obtiene un rendimiento total del 15%. Si la inflación en ese periodo fue del 9%, ¿Cuál es la tasa de interés real que obtuvo?","5.50%","7.26%","6.67%","6.00%","5.50%",""
607,"Sistema y Mercados Financieros","Calcular el interés simple de $41.500 al 1.5% mensual durante un año.","$622.50","$49,618.15","$81,18.15","$7,470.00","$7,470.00",""
608,"Sistema y Mercados Financieros","Un artículo que cuesta $2,000 aumenta en 30%.Posteriormente sobre ese nuevo precio nos ofrecen un descuento del 15%. ¿Cuál es el precio final?","$2,210.00","$2,400.00","$2,300.00","$1,955.00","$2,210.00",""
609,"Sistema y Mercados Financieros","El señor Martínez pagó $1,560 que corresponden al 3% de un préstamo que recibió ¿cuánto dinero pidió prestado?","$55,000.00","$46.80","$49.50","$52,000.00","$52,000.00",""
610,"Sistema y Mercados Financieros","En un taller de ropa entre25 señoras elaboraron 200 prendas en 4 días ¿Cuántas prendas elaboraran 5 personas en 20 días?","32 200/ 25=8 prendas por persona 8/4 días = 2 prendas diarias","200 prendas diarias 2X5 personas X20 días = 200","100","225","200 prendas diarias 2X5 personas X20 días = 200",""
611,"Sistema y Mercados Financieros","Calcule el interés que ganaría un capital de $75,000 con una tasa del interés del 10.5% no capitalizable por 3 años.","$101,192.45","$98,625.00","$82,875.00","$78,375.00","$98,625.00",""
612,"Sistema y Mercados Financieros","Una persona invierte un capital en pagarés a 28 días durante 4 periodos y obtiene un rendimiento total del 11%. Si la inflación en ese periodo fue del 4.5%, ¿Cuál es la tasa de interés real que obtuvo?","1.05%","7.00%","6.22%","6.73%","6.22%",""
613,"Sistema y Mercados Financieros","Si guardas $10,000 pesos en una caja de seguridad y la inflación es del 3% cada año durante 2 años, ¿Cuál es el valor futuro de tu dinero al final de los años, en términos del poder adquisitivo que tendrá?","$9,425.96","$10,000.00","$9,708.74","$9,433.96","$9,425.96",""
614,"Sistema y Mercados Financieros","Calcular la tasa semestral de $15,000 y que el valor futuro seria de $15,913.5 al final del año","1 %","12 %","6 %","3 %","3 %",""
615,"Sistema y Mercados Financieros","En un negocio el 65.85% son mujeres, si son 27 mujeres laborando ¿Cuántas personas son en Total incluyendo los hombres?","27","41","54","45","41",""
616,"Sistema y Mercados Financieros","Calcule la siguiente cantidad: 4/3 de 1,200.","300","900","1,600","400","300",""
617,"Sistema y Mercados Financieros","Calcular el monto de $7,000 al 18% de interés simple durante 15 meses","$8,575.00","$8,751.62","$8,890.00","$1,751.62","$8,575.00",""
618,"Sistema y Mercados Financieros","Calcular el valor que tendrán $5,250 después de 6 meses si se invierten a una tasa de Interés simple que da un rendimiento del 3.5% mensual.","$6,679.47","$5,342.55","$5,341.88","$6,352.50","$6,679.47",""
619,"Sistema y Mercados Financieros","La señora Juanita recibirá el fin de semana la cantidad de $2,265 que representa el 18.5% de su tanda, y le prometieron que al final de mes le entregarían el resto ¿de cuánto será el pago prometido?","$ 12,243.24","$ 8,243.24","$ 9,978.24","$ 11,978.24","$ 9,978.24",""
620,"Sistema y Mercados Financieros","Una persona invierte un capital a 1 mes durante 2 periodos a una tasa de interés simple del 7% mensual. Si la inflación durante la inversión fue del 7%, ¿Cuál es la tasa de interés real que obtuvo?","13.08%","7.00%","6.54%","7.46%","13.08%",""
621,"Sistema y Mercados Financieros","Expresar en notación decimal 21%","0.021","12/100","0.012","0.21","0.021",""
622,"Sistema y Mercados Financieros","Expresar en notación porcentual 1/40","25.00%","0.25%","2.50","2.50%","25.00%",""
623,"Sistema y Mercados Financieros","Si se tiene un capital inicial de $150,000.00 pesos y se invierte a un año con una tasa trimestral del 4%, ¿Cuál sería el monto del capital de retorno?","$163,909.05","$154,550.88","$168,826.32","$175,478.78","$175,478.78",""
624,"Sistema y Mercados Financieros","Si inviertes $18,500 pesos a una tasa del 15% anual de interés simple, al final del año tendrías $21,275. Si se maneja en interés compuesto con capitalización bimestral. ¿Cuánto sería el valor futuro?","$21,454.33","$24,880.44","$19,931.59","$21,473.96","$21,454.33",""
625,"Sistema y Mercados Financieros","Una persona invierte un capital en pagarés a 28 días durante 12 periodos y obtiene un rendimiento total del 15%. Si la inflación en ese periodo fue del 9%, ¿Cuál es la tasa de interés real que obtuvo?","5.50%","7.26%","6.67%","6.00%","5.50%",""
626,"Sistema y Mercados Financieros","Calcular el interés simple de $41.500 al 1.5% mensual durante un año.","$622.50","$49,618.15","$81,18.15","$7,470.00","$622.50",""
627,"Sistema y Mercados Financieros","¿Cuánto es el monto final de 18 meses de una cantidad de $500.00 si se invierte a una tasa del 18 % anual capitalizable semestralmente?","$546.36 VF= VP(1+i)n","$821.51 500.00(1.09)3","$647.51","$760.43","$546.36 VF= VP(1+i)n",""
628,"Sistema y Mercados Financieros","El señor Martínez pagó $1,560 que corresponden al 3% de un préstamo que recibió ¿cuánto dinero pidió prestado?","$55,000.00","$46.80","$49.50","$52,000.00","$55,000.00",""
629,"Sistema y Mercados Financieros","¿Cuanto será el monto al final de 18 meses de una cantidad de $500 si se invierte una tasa del 18% anual capitalizable semestralmente?","$546.36 18/2= 9 9/100 +1= 1.09 VF=VP(1+i)n","$821.51 500(1.295029)= 647.51","$647.51","$760.43","$546.36 18/2= 9 9/100 +1= 1.09 VF=VP(1+i)n",""
630,"Sistema y Mercados Financieros","Una persona al final de los tres meses tiene que pagar $1000¿Cuánto solicito de préstamo si al capital inicial le cobraron una tasa de interés de 24%anual?","$943.39","$940","$892.85","$581.39","$943.39",""